ts_code,fullname
000001.SZ,平安银行股份有限公司
000002.SZ,万科企业股份有限公司
000004.SZ,深圳中国农大科技股份有限公司
000005.SZ,深圳世纪星源股份有限公司
000006.SZ,深圳市振业(集团)股份有限公司
000007.SZ,深圳市全新好股份有限公司
000008.SZ,神州高铁技术股份有限公司
000009.SZ,中国宝安集团股份有限公司
000010.SZ,深圳美丽生态股份有限公司
000011.SZ,深圳市物业发展(集团)股份有限公司
000012.SZ,中国南玻集团股份有限公司
000014.SZ,沙河实业股份有限公司
000016.SZ,康佳集团股份有限公司
000017.SZ,深圳中华自行车(集团)股份有限公司
000018.SZ,神州长城股份有限公司
000019.SZ,深圳市深宝实业股份有限公司
000020.SZ,深圳中恒华发股份有限公司
000021.SZ,深圳长城开发科技股份有限公司
000022.SZ,深圳赤湾港航股份有限公司
000023.SZ,深圳市天地(集团)股份有限公司
000025.SZ,深圳市特力(集团)股份有限公司
000026.SZ,飞亚达(集团)股份有限公司
000027.SZ,深圳能源集团股份有限公司
000028.SZ,国药集团一致药业股份有限公司
000029.SZ,深圳经济特区房地产(集团)股份有限公司
000030.SZ,富奥汽车零部件股份有限公司
000031.SZ,中粮地产(集团)股份有限公司
000032.SZ,深圳市桑达实业股份有限公司
000034.SZ,神州数码集团股份有限公司
000035.SZ,中国天楹股份有限公司
000036.SZ,华联控股股份有限公司
000037.SZ,深圳南山热电股份有限公司
000038.SZ,深圳大通实业股份有限公司
000039.SZ,中国国际海运集装箱(集团)股份有限公司
000040.SZ,东旭蓝天新能源股份有限公司
000042.SZ,深圳市中洲投资控股股份有限公司
000043.SZ,中航善达股份有限公司
000045.SZ,深圳市纺织(集团)股份有限公司
000046.SZ,泛海控股股份有限公司
000048.SZ,深圳市康达尔(集团)股份有限公司
000049.SZ,深圳市德赛电池科技股份有限公司
000050.SZ,天马微电子股份有限公司
000055.SZ,方大集团股份有限公司
000056.SZ,深圳市皇庭国际企业股份有限公司
000058.SZ,深圳赛格股份有限公司
000059.SZ,北方华锦化学工业股份有限公司
000060.SZ,深圳市中金岭南有色金属股份有限公司
000061.SZ,深圳市农产品集团股份有限公司
000062.SZ,深圳华强实业股份有限公司
000063.SZ,中兴通讯股份有限公司
000065.SZ,北方国际合作股份有限公司
000066.SZ,中国长城科技集团股份有限公司
000068.SZ,深圳华控赛格股份有限公司
000069.SZ,深圳华侨城股份有限公司
000070.SZ,深圳市特发信息股份有限公司
000078.SZ,深圳市海王生物工程股份有限公司
000088.SZ,深圳市盐田港股份有限公司
000089.SZ,深圳市机场股份有限公司
000090.SZ,深圳市天健(集团)股份有限公司
000096.SZ,深圳市广聚能源股份有限公司
000099.SZ,中信海洋直升机股份有限公司
000100.SZ,TCL集团股份有限公司
000150.SZ,宜华健康医疗股份有限公司
000151.SZ,中成进出口股份有限公司
000153.SZ,安徽丰原药业股份有限公司
000155.SZ,四川省新能源动力股份有限公司
000156.SZ,华数传媒控股股份有限公司
000157.SZ,中联重科股份有限公司
000158.SZ,石家庄常山北明科技股份有限公司
000159.SZ,新疆国际实业股份有限公司
000166.SZ,申万宏源集团股份有限公司
000301.SZ,江苏东方盛虹股份有限公司
000333.SZ,美的集团股份有限公司
000338.SZ,潍柴动力股份有限公司
000400.SZ,许继电气股份有限公司
000401.SZ,唐山冀东水泥股份有限公司
000402.SZ,金融街控股股份有限公司
000403.SZ,振兴生化股份有限公司
000404.SZ,长虹华意压缩机股份有限公司
000407.SZ,山东胜利股份有限公司
000408.SZ,藏格控股股份有限公司
000409.SZ,山东地矿股份有限公司
000410.SZ,沈阳机床股份有限公司
000411.SZ,浙江英特集团股份有限公司
000413.SZ,东旭光电科技股份有限公司
000415.SZ,渤海租赁股份有限公司
000416.SZ,民生控股股份有限公司
000417.SZ,合肥百货大楼集团股份有限公司
000418.SZ,无锡小天鹅股份有限公司
000419.SZ,长沙通程控股股份有限公司
000420.SZ,吉林化纤股份有限公司
000421.SZ,南京公用发展股份有限公司
000422.SZ,湖北宜化化工股份有限公司
000423.SZ,东阿阿胶股份有限公司
000425.SZ,徐工集团工程机械股份有限公司
000426.SZ,内蒙古兴业矿业股份有限公司
000428.SZ,华天酒店集团股份有限公司
000429.SZ,广东省高速公路发展股份有限公司
000430.SZ,张家界旅游集团股份有限公司
000488.SZ,山东晨鸣纸业集团股份有限公司
000498.SZ,山东高速路桥集团股份有限公司
000501.SZ,武汉武商集团股份有限公司
000502.SZ,绿景控股股份有限公司
000503.SZ,国新健康保障服务集团股份有限公司
000504.SZ,南华生物医药股份有限公司
000505.SZ,海南京粮控股股份有限公司
000506.SZ,中润资源投资股份有限公司
000507.SZ,珠海港股份有限公司
000509.SZ,华塑控股股份有限公司
000510.SZ,四川金路集团股份有限公司
000513.SZ,丽珠医药集团股份有限公司
000514.SZ,重庆渝开发股份有限公司
000516.SZ,西安国际医学投资股份有限公司
000517.SZ,荣安地产股份有限公司
000518.SZ,江苏四环生物股份有限公司
000519.SZ,中兵红箭股份有限公司
000520.SZ,长航凤凰股份有限公司
000521.SZ,长虹美菱股份有限公司
000523.SZ,广州市浪奇实业股份有限公司
000524.SZ,广州岭南集团控股股份有限公司
000525.SZ,南京红太阳股份有限公司
000526.SZ,厦门紫光学大股份有限公司
000528.SZ,广西柳工机械股份有限公司
000529.SZ,广东广弘控股股份有限公司
000530.SZ,大连冷冻机股份有限公司
000531.SZ,广州恒运企业集团股份有限公司
000532.SZ,珠海华金资本股份有限公司
000533.SZ,广东万家乐股份有限公司
000534.SZ,万泽实业股份有限公司
000536.SZ,华映科技(集团)股份有限公司
000537.SZ,天津广宇发展股份有限公司
000538.SZ,云南白药集团股份有限公司
000539.SZ,广东电力发展股份有限公司
000540.SZ,中天金融集团股份有限公司
000541.SZ,佛山电器照明股份有限公司
000543.SZ,安徽省皖能股份有限公司
000544.SZ,中原环保股份有限公司
000545.SZ,金浦钛业股份有限公司
000546.SZ,金圆环保股份有限公司
000547.SZ,航天工业发展股份有限公司
000548.SZ,湖南投资集团股份有限公司
000550.SZ,江铃汽车股份有限公司
000551.SZ,创元科技股份有限公司
000552.SZ,甘肃靖远煤电股份有限公司
000553.SZ,湖北沙隆达股份有限公司
000554.SZ,中国石化山东泰山石油股份有限公司
000555.SZ,神州数码信息服务股份有限公司
000557.SZ,宁夏西部创业实业股份有限公司
000558.SZ,莱茵达体育发展股份有限公司
000559.SZ,万向钱潮股份有限公司
000560.SZ,我爱我家控股集团股份有限公司
000561.SZ,陕西烽火电子股份有限公司
000563.SZ,陕西省国际信托股份有限公司
000564.SZ,供销大集集团股份有限公司
000565.SZ,重庆三峡油漆股份有限公司
000566.SZ,海南海药股份有限公司
000567.SZ,海南海德实业股份有限公司
000568.SZ,泸州老窖股份有限公司
000570.SZ,常柴股份有限公司
000571.SZ,新大洲控股股份有限公司
000572.SZ,海马汽车集团股份有限公司
000573.SZ,东莞宏远工业区股份有限公司
000576.SZ,江门甘蔗化工厂(集团)股份有限公司
000581.SZ,无锡威孚高科技集团股份有限公司
000582.SZ,北部湾港股份有限公司
000584.SZ,江苏哈工智能机器人股份有限公司
000585.SZ,东北电气发展股份有限公司
000586.SZ,四川汇源光通信股份有限公司
000587.SZ,金洲慈航集团股份有限公司
000589.SZ,贵州轮胎股份有限公司
000590.SZ,启迪古汉集团股份有限公司
000591.SZ,中节能太阳能股份有限公司
000592.SZ,中福海峡(平潭)发展股份有限公司
000593.SZ,四川大通燃气开发股份有限公司
000595.SZ,宝塔实业股份有限公司
000596.SZ,安徽古井贡酒股份有限公司
000597.SZ,东北制药集团股份有限公司
000598.SZ,成都市兴蓉环境股份有限公司
000599.SZ,青岛双星股份有限公司
000600.SZ,河北建投能源投资股份有限公司
000601.SZ,广东韶能集团股份有限公司
000603.SZ,盛达矿业股份有限公司
000605.SZ,渤海水业股份有限公司
000606.SZ,顺利办信息服务股份有限公司
000607.SZ,浙江华媒控股股份有限公司
000608.SZ,阳光新业地产股份有限公司
000609.SZ,北京中迪投资股份有限公司
000610.SZ,西安旅游股份有限公司
000611.SZ,内蒙古天首科技发展股份有限公司
000612.SZ,焦作万方铝业股份有限公司
000613.SZ,海南大东海旅游中心股份有限公司
000615.SZ,京汉实业投资集团股份有限公司
000616.SZ,海航投资集团股份有限公司
000617.SZ,中国石油集团资本股份有限公司
000619.SZ,芜湖海螺型材科技股份有限公司
000620.SZ,新华联文化旅游发展股份有限公司
000622.SZ,恒立实业发展集团股份有限公司
000623.SZ,吉林敖东药业集团股份有限公司
000625.SZ,重庆长安汽车股份有限公司
000626.SZ,远大产业控股股份有限公司
000627.SZ,天茂实业集团股份有限公司
000628.SZ,成都高新发展股份有限公司
000629.SZ,攀钢集团钒钛资源股份有限公司
000630.SZ,铜陵有色金属集团股份有限公司
000631.SZ,顺发恒业股份公司
000632.SZ,福建三木集团股份有限公司
000633.SZ,新疆合金投资股份有限公司
000635.SZ,宁夏英力特化工股份有限公司
000636.SZ,广东风华高新科技股份有限公司
000637.SZ,茂名石化实华股份有限公司
000638.SZ,万方城镇投资发展股份有限公司
000639.SZ,西王食品股份有限公司
000650.SZ,仁和药业股份有限公司
000651.SZ,珠海格力电器股份有限公司
000652.SZ,天津泰达股份有限公司
000655.SZ,山东金岭矿业股份有限公司
000656.SZ,金科地产集团股份有限公司
000657.SZ,中钨高新材料股份有限公司
000659.SZ,珠海中富实业股份有限公司
000661.SZ,长春高新技术产业(集团)股份有限公司
000662.SZ,天夏智慧城市科技股份有限公司
000663.SZ,福建省永安林业(集团)股份有限公司
000665.SZ,湖北省广播电视信息网络股份有限公司
000666.SZ,经纬纺织机械股份有限公司
000667.SZ,美好置业集团股份有限公司
000668.SZ,荣丰控股集团股份有限公司
000669.SZ,金鸿控股集团股份有限公司
000670.SZ,盈方微电子股份有限公司
000671.SZ,阳光城集团股份有限公司
000672.SZ,甘肃上峰水泥股份有限公司
000673.SZ,当代东方投资股份有限公司
000676.SZ,智度科技股份有限公司
000677.SZ,恒天海龙股份有限公司
000678.SZ,襄阳汽车轴承股份有限公司
000679.SZ,大连友谊(集团)股份有限公司
000680.SZ,山推工程机械股份有限公司
000681.SZ,视觉(中国)文化发展股份有限公司
000682.SZ,东方电子股份有限公司
000683.SZ,内蒙古远兴能源股份有限公司
000685.SZ,中山公用事业集团股份有限公司
000686.SZ,东北证券股份有限公司
000687.SZ,华讯方舟股份有限公司
000688.SZ,国城矿业股份有限公司
000690.SZ,广东宝丽华新能源股份有限公司
000691.SZ,海南亚太实业发展股份有限公司
000692.SZ,沈阳惠天热电股份有限公司
000693.SZ,成都华泽钴镍材料股份有限公司
000695.SZ,天津滨海能源发展股份有限公司
000697.SZ,炼石航空科技股份有限公司
000698.SZ,沈阳化工股份有限公司
000700.SZ,江南模塑科技股份有限公司
000701.SZ,厦门信达股份有限公司
000702.SZ,湖南正虹科技发展股份有限公司
000703.SZ,恒逸石化股份有限公司
000705.SZ,浙江震元股份有限公司
000707.SZ,湖北双环科技股份有限公司
000708.SZ,大冶特殊钢股份有限公司
000709.SZ,河钢股份有限公司
000710.SZ,成都市贝瑞和康基因技术股份有限公司
000711.SZ,京蓝科技股份有限公司
000712.SZ,广东锦龙发展股份有限公司
000713.SZ,合肥丰乐种业股份有限公司
000715.SZ,中兴-沈阳商业大厦(集团)股份有限公司
000716.SZ,南方黑芝麻集团股份有限公司
000717.SZ,广东韶钢松山股份有限公司
000718.SZ,苏宁环球股份有限公司
000719.SZ,中原大地传媒股份有限公司
000720.SZ,山东新能泰山发电股份有限公司
000721.SZ,西安饮食股份有限公司
000722.SZ,湖南发展集团股份有限公司
000723.SZ,山西美锦能源股份有限公司
000725.SZ,京东方科技集团股份有限公司
000726.SZ,鲁泰纺织股份有限公司
000727.SZ,南京华东电子信息科技股份有限公司
000728.SZ,国元证券股份有限公司
000729.SZ,北京燕京啤酒股份有限公司
000731.SZ,四川美丰化工股份有限公司
000732.SZ,泰禾集团股份有限公司
000733.SZ,中国振华(集团)科技股份有限公司
000735.SZ,罗牛山股份有限公司
000736.SZ,中交地产股份有限公司
000737.SZ,南风化工集团股份有限公司
000738.SZ,中国航发动力控制股份有限公司
000739.SZ,普洛药业股份有限公司
000750.SZ,国海证券股份有限公司
000751.SZ,葫芦岛锌业股份有限公司
000752.SZ,西藏银河科技发展股份有限公司
000753.SZ,福建漳州发展股份有限公司
000755.SZ,山西路桥股份有限公司
000756.SZ,山东新华制药股份有限公司
000757.SZ,四川浩物机电股份有限公司
000758.SZ,中国有色金属建设股份有限公司
000759.SZ,中百控股集团股份有限公司
000760.SZ,斯太尔动力股份有限公司
000761.SZ,本钢板材股份有限公司
000762.SZ,西藏矿业发展股份有限公司
000766.SZ,通化金马药业集团股份有限公司
000767.SZ,山西漳泽电力股份有限公司
000768.SZ,中航飞机股份有限公司
000776.SZ,广发证券股份有限公司
000777.SZ,中核苏阀科技实业股份有限公司
000778.SZ,新兴铸管股份有限公司
000779.SZ,兰州三毛实业股份有限公司
000780.SZ,内蒙古平庄能源股份有限公司
000782.SZ,广东新会美达锦纶股份有限公司
000783.SZ,长江证券股份有限公司
000785.SZ,武汉中商集团股份有限公司
000786.SZ,北新集团建材股份有限公司
000788.SZ,北大医药股份有限公司
000789.SZ,江西万年青水泥股份有限公司
000790.SZ,成都泰合健康科技集团股份有限公司
000791.SZ,甘肃电投能源发展股份有限公司
000792.SZ,青海盐湖工业股份有限公司
000793.SZ,华闻传媒投资集团股份有限公司
000795.SZ,英洛华科技股份有限公司
000796.SZ,海航凯撒旅游集团股份有限公司
000797.SZ,中国武夷实业股份有限公司
000798.SZ,中水集团远洋股份有限公司
000799.SZ,酒鬼酒股份有限公司
000800.SZ,一汽轿车股份有限公司
000801.SZ,四川九洲电器股份有限公司
000802.SZ,北京京西文化旅游股份有限公司
000803.SZ,四川金宇汽车城(集团)股份有限公司
000806.SZ,北海银河生物产业投资股份有限公司
000807.SZ,云南铝业股份有限公司
000809.SZ,铁岭新城投资控股股份有限公司
000810.SZ,创维数字股份有限公司
000811.SZ,冰轮环境技术股份有限公司
000812.SZ,陕西金叶科教集团股份有限公司
000813.SZ,德展大健康股份有限公司
000815.SZ,中冶美利云产业投资股份有限公司
000816.SZ,江苏农华智慧农业科技股份有限公司
000818.SZ,航锦科技股份有限公司
000819.SZ,岳阳兴长石化股份有限公司
000820.SZ,神雾节能股份有限公司
000821.SZ,湖北京山轻工机械股份有限公司
000822.SZ,山东海化股份有限公司
000823.SZ,广东汕头超声电子股份有限公司
000825.SZ,山西太钢不锈钢股份有限公司
000826.SZ,启迪桑德环境资源股份有限公司
000828.SZ,东莞发展控股股份有限公司
000829.SZ,天音通信控股股份有限公司
000830.SZ,鲁西化工集团股份有限公司
000831.SZ,五矿稀土股份有限公司
000833.SZ,广西粤桂广业控股股份有限公司
000835.SZ,长城国际动漫游戏股份有限公司
000836.SZ,天津富通鑫茂科技股份有限公司
000837.SZ,秦川机床工具集团股份公司
000838.SZ,财信国兴地产发展股份有限公司
000839.SZ,中信国安信息产业股份有限公司
000848.SZ,河北承德露露股份有限公司
000850.SZ,安徽华茂纺织股份有限公司
000851.SZ,大唐高鸿数据网络技术股份有限公司
000852.SZ,中石化石油机械股份有限公司
000856.SZ,唐山冀东装备工程股份有限公司
000858.SZ,宜宾五粮液股份有限公司
000859.SZ,安徽国风塑业股份有限公司
000860.SZ,北京顺鑫农业股份有限公司
000861.SZ,广东海印集团股份有限公司
000862.SZ,宁夏银星能源股份有限公司
000863.SZ,三湘印象股份有限公司
000868.SZ,安徽安凯汽车股份有限公司
000869.SZ,烟台张裕葡萄酿酒股份有限公司
000875.SZ,吉林电力股份有限公司
000876.SZ,新希望六和股份有限公司
000877.SZ,新疆天山水泥股份有限公司
000878.SZ,云南铜业股份有限公司
000880.SZ,潍柴重机股份有限公司
000881.SZ,中广核核技术发展股份有限公司
000882.SZ,北京华联商厦股份有限公司
000883.SZ,湖北能源集团股份有限公司
000885.SZ,河南城发环境股份有限公司
000886.SZ,海南高速公路股份有限公司
000887.SZ,安徽中鼎密封件股份有限公司
000888.SZ,峨眉山旅游股份有限公司
000889.SZ,茂业通信网络股份有限公司
000890.SZ,江苏法尔胜股份有限公司
000892.SZ,欢瑞世纪联合股份有限公司
000893.SZ,广州东凌国际投资股份有限公司
000895.SZ,河南双汇投资发展股份有限公司
000897.SZ,天津津滨发展股份有限公司
000898.SZ,鞍钢股份有限公司
000899.SZ,江西赣能股份有限公司
000900.SZ,现代投资股份有限公司
000901.SZ,航天科技控股集团股份有限公司
000902.SZ,湖北新洋丰肥业股份有限公司
000903.SZ,昆明云内动力股份有限公司
000905.SZ,厦门港务发展股份有限公司
000906.SZ,浙商中拓集团股份有限公司
000908.SZ,湖南景峰医药股份有限公司
000909.SZ,数源科技股份有限公司
000910.SZ,大亚圣象家居股份有限公司
000911.SZ,南宁糖业股份有限公司
000912.SZ,四川泸天化股份有限公司
000913.SZ,浙江钱江摩托股份有限公司
000915.SZ,山东山大华特科技股份有限公司
000917.SZ,湖南电广传媒股份有限公司
000918.SZ,嘉凯城集团股份有限公司
000919.SZ,金陵药业股份有限公司
000920.SZ,南方汇通股份有限公司
000921.SZ,海信家电集团股份有限公司
000922.SZ,哈尔滨电气集团佳木斯电机股份有限公司
000923.SZ,河北宣化工程机械股份有限公司
000925.SZ,浙江众合科技股份有限公司
000926.SZ,湖北福星科技股份有限公司
000927.SZ,天津一汽夏利汽车股份有限公司
000928.SZ,中钢国际工程技术股份有限公司
000929.SZ,兰州黄河企业股份有限公司
000930.SZ,中粮生物化学(安徽)股份有限公司
000931.SZ,北京中关村科技发展(控股)股份有限公司
000932.SZ,湖南华菱钢铁股份有限公司
000933.SZ,河南神火煤电股份有限公司
000935.SZ,四川双马水泥股份有限公司
000936.SZ,江苏华西村股份有限公司
000937.SZ,冀中能源股份有限公司
000938.SZ,紫光股份有限公司
000939.SZ,凯迪生态环境科技股份有限公司
000948.SZ,云南南天电子信息产业股份有限公司
000949.SZ,新乡化纤股份有限公司
000950.SZ,重药控股股份有限公司
000951.SZ,中国重汽集团济南卡车股份有限公司
000952.SZ,湖北广济药业股份有限公司
000953.SZ,广西河池化工股份有限公司
000955.SZ,欣龙控股(集团)股份有限公司
000957.SZ,中通客车控股股份有限公司
000958.SZ,国家电投集团东方新能源股份有限公司
000959.SZ,北京首钢股份有限公司
000960.SZ,云南锡业股份有限公司
000961.SZ,江苏中南建设集团股份有限公司
000962.SZ,宁夏东方钽业股份有限公司
000963.SZ,华东医药股份有限公司
000965.SZ,天津天保基建股份有限公司
000966.SZ,国电长源电力股份有限公司
000967.SZ,盈峰环境科技集团股份有限公司
000968.SZ,山西蓝焰控股股份有限公司
000969.SZ,安泰科技股份有限公司
000970.SZ,北京中科三环高技术股份有限公司
000971.SZ,高升控股股份有限公司
000972.SZ,中基健康产业股份有限公司
000973.SZ,佛山佛塑科技集团股份有限公司
000975.SZ,银泰资源股份有限公司
000976.SZ,广东华铁通达高铁装备股份有限公司
000977.SZ,浪潮电子信息产业股份有限公司
000978.SZ,桂林旅游股份有限公司
000979.SZ,中弘控股股份有限公司
000980.SZ,众泰汽车股份有限公司
000981.SZ,银亿股份有限公司
000982.SZ,宁夏中银绒业股份有限公司
000983.SZ,山西西山煤电股份有限公司
000985.SZ,大庆华科股份有限公司
000987.SZ,广州越秀金融控股集团股份有限公司
000988.SZ,华工科技产业股份有限公司
000989.SZ,九芝堂股份有限公司
000990.SZ,诚志股份有限公司
000993.SZ,福建闽东电力股份有限公司
000995.SZ,甘肃皇台酒业股份有限公司
000996.SZ,中国中期投资股份有限公司
000997.SZ,新大陆数字技术股份有限公司
000998.SZ,袁隆平农业高科技股份有限公司
000999.SZ,华润三九医药股份有限公司
001696.SZ,重庆宗申动力机械股份有限公司
001896.SZ,河南豫能控股股份有限公司
001965.SZ,招商局公路网络科技控股股份有限公司
001979.SZ,招商局蛇口工业区控股股份有限公司
002001.SZ,浙江新和成股份有限公司
002002.SZ,鸿达兴业股份有限公司
002003.SZ,浙江伟星实业发展股份有限公司
002004.SZ,华邦生命健康股份有限公司
002005.SZ,广东德豪润达电气股份有限公司
002006.SZ,浙江精功科技股份有限公司
002007.SZ,华兰生物工程股份有限公司
002008.SZ,大族激光科技产业集团股份有限公司
002009.SZ,天奇自动化工程股份有限公司
002010.SZ,传化智联股份有限公司
002011.SZ,浙江盾安人工环境股份有限公司
002012.SZ,浙江凯恩特种材料股份有限公司
002013.SZ,中航工业机电系统股份有限公司
002014.SZ,黄山永新股份有限公司
002015.SZ,江苏霞客环保色纺股份有限公司
002016.SZ,广东世荣兆业股份有限公司
002017.SZ,东信和平科技股份有限公司
002018.SZ,安徽华信国际控股股份有限公司
002019.SZ,亿帆医药股份有限公司
002020.SZ,浙江京新药业股份有限公司
002021.SZ,中捷资源投资股份有限公司
002022.SZ,上海科华生物工程股份有限公司
002023.SZ,四川海特高新技术股份有限公司
002024.SZ,苏宁易购集团股份有限公司
002025.SZ,贵州航天电器股份有限公司
002026.SZ,山东威达机械股份有限公司
002027.SZ,分众传媒信息技术股份有限公司
002028.SZ,思源电气股份有限公司
002029.SZ,福建七匹狼实业股份有限公司
002030.SZ,中山大学达安基因股份有限公司
002031.SZ,巨轮智能装备股份有限公司
002032.SZ,浙江苏泊尔股份有限公司
002033.SZ,丽江玉龙旅游股份有限公司
002034.SZ,旺能环境股份有限公司
002035.SZ,华帝股份有限公司
002036.SZ,联创电子科技股份有限公司
002037.SZ,贵州久联民爆器材发展股份有限公司
002038.SZ,北京双鹭药业股份有限公司
002039.SZ,贵州黔源电力股份有限公司
002040.SZ,南京港股份有限公司
002041.SZ,山东登海种业股份有限公司
002042.SZ,华孚时尚股份有限公司
002043.SZ,德华兔宝宝装饰新材股份有限公司
002044.SZ,美年大健康产业控股股份有限公司
002045.SZ,国光电器股份有限公司
002046.SZ,洛阳轴研科技股份有限公司
002047.SZ,深圳市宝鹰建设控股集团股份有限公司
002048.SZ,宁波华翔电子股份有限公司
002049.SZ,紫光国芯微电子股份有限公司
002050.SZ,浙江三花智能控制股份有限公司
002051.SZ,中工国际工程股份有限公司
002052.SZ,深圳市同洲电子股份有限公司
002053.SZ,云南能源投资股份有限公司
002054.SZ,广东德美精细化工集团股份有限公司
002055.SZ,深圳市得润电子股份有限公司
002056.SZ,横店集团东磁股份有限公司
002057.SZ,中钢集团安徽天源科技股份有限公司
002058.SZ,上海威尔泰工业自动化股份有限公司
002059.SZ,云南旅游股份有限公司
002060.SZ,广东水电二局股份有限公司
002061.SZ,浙江交通科技股份有限公司
002062.SZ,宏润建设集团股份有限公司
002063.SZ,远光软件股份有限公司
002064.SZ,浙江华峰氨纶股份有限公司
002065.SZ,东华软件股份公司
002066.SZ,瑞泰科技股份有限公司
002067.SZ,浙江景兴纸业股份有限公司
002068.SZ,江西黑猫炭黑股份有限公司
002069.SZ,獐子岛集团股份有限公司
002070.SZ,福建众和股份有限公司
002071.SZ,长城影视股份有限公司
002072.SZ,凯瑞德控股股份有限公司
002073.SZ,软控股份有限公司
002074.SZ,国轩高科股份有限公司
002075.SZ,江苏沙钢股份有限公司
002076.SZ,广东雪莱特光电科技股份有限公司
002077.SZ,江苏大港股份有限公司
002078.SZ,山东太阳纸业股份有限公司
002079.SZ,苏州固锝电子股份有限公司
002080.SZ,中材科技股份有限公司
002081.SZ,苏州金螳螂建筑装饰股份有限公司
002082.SZ,万邦德新材股份有限公司
002083.SZ,孚日集团股份有限公司
002084.SZ,广州海鸥住宅工业股份有限公司
002085.SZ,浙江万丰奥威汽轮股份有限公司
002086.SZ,山东东方海洋科技股份有限公司
002087.SZ,河南新野纺织股份有限公司
002088.SZ,山东鲁阳节能材料股份有限公司
002089.SZ,新海宜科技集团股份有限公司
002090.SZ,江苏金智科技股份有限公司
002091.SZ,江苏国泰国际集团国贸股份有限公司
002092.SZ,新疆中泰化学股份有限公司
002093.SZ,国脉科技股份有限公司
002094.SZ,青岛金王应用化学股份有限公司
002095.SZ,浙江网盛生意宝股份有限公司
002096.SZ,湖南南岭民用爆破器材股份有限公司
002097.SZ,山河智能装备股份有限公司
002098.SZ,福建浔兴拉链科技股份有限公司
002099.SZ,浙江海翔药业股份有限公司
002100.SZ,天康生物股份有限公司
002101.SZ,广东鸿图科技股份有限公司
002102.SZ,冠福控股股份有限公司
002103.SZ,广博集团股份有限公司
002104.SZ,恒宝股份有限公司
002105.SZ,深圳信隆健康产业发展股份有限公司
002106.SZ,深圳莱宝高科技股份有限公司
002107.SZ,山东沃华医药科技股份有限公司
002108.SZ,沧州明珠塑料股份有限公司
002109.SZ,陕西兴化化学股份有限公司
002110.SZ,福建三钢闽光股份有限公司
002111.SZ,威海广泰空港设备股份有限公司
002112.SZ,三变科技股份有限公司
002113.SZ,湖南天润数字娱乐文化传媒股份有限公司
002114.SZ,云南罗平锌电股份有限公司
002115.SZ,三维通信股份有限公司
002116.SZ,中国海诚工程科技股份有限公司
002117.SZ,东港股份有限公司
002118.SZ,吉林紫鑫药业股份有限公司
002119.SZ,宁波康强电子股份有限公司
002120.SZ,韵达控股股份有限公司
002121.SZ,深圳市科陆电子科技股份有限公司
002122.SZ,天马轴承集团股份有限公司
002123.SZ,梦网荣信科技集团股份有限公司
002124.SZ,天邦食品股份有限公司
002125.SZ,湘潭电化科技股份有限公司
002126.SZ,浙江银轮机械股份有限公司
002127.SZ,南极电商股份有限公司
002128.SZ,内蒙古霍林河露天煤业股份有限公司
002129.SZ,天津中环半导体股份有限公司
002130.SZ,深圳市沃尔核材股份有限公司
002131.SZ,利欧集团股份有限公司
002132.SZ,河南恒星科技股份有限公司
002133.SZ,广宇集团股份有限公司
002134.SZ,天津普林电路股份有限公司
002135.SZ,浙江东南网架股份有限公司
002136.SZ,安徽安纳达钛业股份有限公司
002137.SZ,深圳市麦达数字股份有限公司
002138.SZ,深圳顺络电子股份有限公司
002139.SZ,深圳拓邦股份有限公司
002140.SZ,东华工程科技股份有限公司
002141.SZ,贤丰控股股份有限公司
002142.SZ,宁波银行股份有限公司
002143.SZ,印纪娱乐传媒股份有限公司
002144.SZ,宏达高科控股股份有限公司
002145.SZ,中核华原钛白股份有限公司
002146.SZ,荣盛房地产发展股份有限公司
002147.SZ,新光圆成股份有限公司
002148.SZ,北京北纬通信科技股份有限公司
002149.SZ,西部金属材料股份有限公司
002150.SZ,江苏通润装备科技股份有限公司
002151.SZ,北京北斗星通导航技术股份有限公司
002152.SZ,广州广电运通金融电子股份有限公司
002153.SZ,北京中长石基信息技术股份有限公司
002154.SZ,报喜鸟控股股份有限公司
002155.SZ,湖南黄金股份有限公司
002156.SZ,通富微电子股份有限公司
002157.SZ,江西正邦科技股份有限公司
002158.SZ,上海汉钟精机股份有限公司
002159.SZ,武汉三特索道集团股份有限公司
002160.SZ,江苏常铝铝业股份有限公司
002161.SZ,深圳市远望谷信息技术股份有限公司
002162.SZ,上海悦心健康集团股份有限公司
002163.SZ,中航三鑫股份有限公司
002164.SZ,宁波东力股份有限公司
002165.SZ,红宝丽集团股份有限公司
002166.SZ,桂林莱茵生物科技股份有限公司
002167.SZ,广东东方锆业科技股份有限公司
002168.SZ,深圳市惠程电气股份有限公司
002169.SZ,广州智光电气股份有限公司
002170.SZ,深圳市芭田生态工程股份有限公司
002171.SZ,安徽楚江科技新材料股份有限公司
002172.SZ,江苏澳洋健康产业股份有限公司
002173.SZ,创新医疗管理股份有限公司
002174.SZ,游族网络股份有限公司
002175.SZ,东方时代网络传媒股份有限公司
002176.SZ,江西特种电机股份有限公司
002177.SZ,广州御银科技股份有限公司
002178.SZ,上海延华智能科技(集团)股份有限公司
002179.SZ,中航光电科技股份有限公司
002180.SZ,纳思达股份有限公司
002181.SZ,广东广州日报传媒股份有限公司
002182.SZ,南京云海特种金属股份有限公司
002183.SZ,深圳市怡亚通供应链股份有限公司
002184.SZ,上海海得控制系统股份有限公司
002185.SZ,天水华天科技股份有限公司
002186.SZ,中国全聚德(集团)股份有限公司
002187.SZ,广州市广百股份有限公司
002188.SZ,巴士在线股份有限公司
002189.SZ,利达光电股份有限公司
002190.SZ,四川成飞集成科技股份有限公司
002191.SZ,深圳劲嘉集团股份有限公司
002192.SZ,融捷股份有限公司
002193.SZ,山东如意毛纺服装集团股份有限公司
002194.SZ,武汉凡谷电子技术股份有限公司
002195.SZ,上海二三四五网络控股集团股份有限公司
002196.SZ,浙江方正电机股份有限公司
002197.SZ,深圳市证通电子股份有限公司
002198.SZ,广东嘉应制药股份有限公司
002199.SZ,浙江东晶电子股份有限公司
002200.SZ,云南云投生态环境科技股份有限公司
002201.SZ,江苏九鼎新材料股份有限公司
002202.SZ,新疆金风科技股份有限公司
002203.SZ,浙江海亮股份有限公司
002204.SZ,大连华锐重工集团股份有限公司
002205.SZ,新疆国统管道股份有限公司
002206.SZ,浙江海利得新材料股份有限公司
002207.SZ,新疆准东石油技术股份有限公司
002208.SZ,合肥城建发展股份有限公司
002209.SZ,广州达意隆包装机械股份有限公司
002210.SZ,深圳市飞马国际供应链股份有限公司
002211.SZ,江苏宏达新材料股份有限公司
002212.SZ,南洋天融信科技集团股份有限公司
002213.SZ,深圳市特尔佳科技股份有限公司
002214.SZ,浙江大立科技股份有限公司
002215.SZ,深圳诺普信农化股份有限公司
002216.SZ,三全食品股份有限公司
002217.SZ,合力泰科技股份有限公司
002218.SZ,深圳市拓日新能源科技股份有限公司
002219.SZ,恒康医疗集团股份有限公司
002220.SZ,大连天宝绿色食品股份有限公司
002221.SZ,东华能源股份有限公司
002222.SZ,福建福晶科技股份有限公司
002223.SZ,江苏鱼跃医疗设备股份有限公司
002224.SZ,三力士股份有限公司
002225.SZ,濮阳濮耐高温材料(集团)股份有限公司
002226.SZ,安徽江南化工股份有限公司
002227.SZ,深圳奥特迅电力设备股份有限公司
002228.SZ,厦门合兴包装印刷股份有限公司
002229.SZ,鸿博股份有限公司
002230.SZ,科大讯飞股份有限公司
002231.SZ,奥维通信股份有限公司
002232.SZ,启明信息技术股份有限公司
002233.SZ,广东塔牌集团股份有限公司
002234.SZ,山东民和牧业股份有限公司
002235.SZ,厦门安妮股份有限公司
002236.SZ,浙江大华技术股份有限公司
002237.SZ,山东恒邦冶炼股份有限公司
002238.SZ,深圳市天威视讯股份有限公司
002239.SZ,奥特佳新能源科技股份有限公司
002240.SZ,广东威华股份有限公司
002241.SZ,歌尔股份有限公司
002242.SZ,九阳股份有限公司
002243.SZ,深圳市通产丽星股份有限公司
002244.SZ,杭州滨江房产集团股份有限公司
002245.SZ,江苏澳洋顺昌股份有限公司
002246.SZ,四川北方硝化棉股份有限公司
002247.SZ,浙江聚力文化发展股份有限公司
002248.SZ,威海华东数控股份有限公司
002249.SZ,中山大洋电机股份有限公司
002250.SZ,联化科技股份有限公司
002251.SZ,步步高商业连锁股份有限公司
002252.SZ,上海莱士血液制品股份有限公司
002253.SZ,四川川大智胜软件股份有限公司
002254.SZ,烟台泰和新材料股份有限公司
002255.SZ,苏州海陆重工股份有限公司
002256.SZ,深圳市兆新能源股份有限公司
002258.SZ,利尔化学股份有限公司
002259.SZ,四川升达林业产业股份有限公司
002260.SZ,德奥通用航空股份有限公司
002261.SZ,拓维信息系统股份有限公司
002262.SZ,江苏恩华药业股份有限公司
002263.SZ,浙江大东南股份有限公司
002264.SZ,新华都购物广场股份有限公司
002265.SZ,云南西仪工业股份有限公司
002266.SZ,浙富控股集团股份有限公司
002267.SZ,陕西省天然气股份有限公司
002268.SZ,成都卫士通信息产业股份有限公司
002269.SZ,上海美特斯邦威服饰股份有限公司
002270.SZ,华明电力装备股份有限公司
002271.SZ,北京东方雨虹防水技术股份有限公司
002272.SZ,四川川润股份有限公司
002273.SZ,浙江水晶光电科技股份有限公司
002274.SZ,江苏华昌化工股份有限公司
002275.SZ,桂林三金药业股份有限公司
002276.SZ,浙江万马股份有限公司
002277.SZ,湖南友谊阿波罗商业股份有限公司
002278.SZ,上海神开石油化工装备股份有限公司
002279.SZ,北京久其软件股份有限公司
002280.SZ,杭州联络互动信息科技股份有限公司
002281.SZ,武汉光迅科技股份有限公司
002282.SZ,博深工具股份有限公司
002283.SZ,天润曲轴股份有限公司
002284.SZ,浙江亚太机电股份有限公司
002285.SZ,深圳世联行地产顾问股份有限公司
002286.SZ,保龄宝生物股份有限公司
002287.SZ,西藏奇正藏药股份有限公司
002288.SZ,广东超华科技股份有限公司
002289.SZ,深圳市宇顺电子股份有限公司
002290.SZ,苏州中科创新型材料股份有限公司
002291.SZ,星期六股份有限公司
002292.SZ,奥飞娱乐股份有限公司
002293.SZ,罗莱生活科技股份有限公司
002294.SZ,深圳信立泰药业股份有限公司
002295.SZ,广东精艺金属股份有限公司
002296.SZ,河南辉煌科技股份有限公司
002297.SZ,湖南博云新材料股份有限公司
002298.SZ,安徽中电兴发与鑫龙科技股份有限公司
002299.SZ,福建圣农发展股份有限公司
002300.SZ,福建南平太阳电缆股份有限公司
002301.SZ,深圳齐心集团股份有限公司
002302.SZ,中建西部建设股份有限公司
002303.SZ,美盈森集团股份有限公司
002304.SZ,江苏洋河酒厂股份有限公司
002305.SZ,南国置业股份有限公司
002306.SZ,中科云网科技集团股份有限公司
002307.SZ,新疆北新路桥集团股份有限公司
002308.SZ,威创集团股份有限公司
002309.SZ,江苏中利集团股份有限公司
002310.SZ,北京东方园林环境股份有限公司
002311.SZ,广东海大集团股份有限公司
002312.SZ,成都三泰控股集团股份有限公司
002313.SZ,日海智能科技股份有限公司
002314.SZ,深圳市新南山控股(集团)股份有限公司
002315.SZ,焦点科技股份有限公司
002316.SZ,深圳亚联发展科技股份有限公司
002317.SZ,广东众生药业股份有限公司
002318.SZ,浙江久立特材科技股份有限公司
002319.SZ,珠海市乐通化工股份有限公司
002320.SZ,海南海峡航运股份有限公司
002321.SZ,河南华英农业发展股份有限公司
002322.SZ,宁波理工环境能源科技股份有限公司
002323.SZ,江苏雅百特科技股份有限公司
002324.SZ,上海普利特复合材料股份有限公司
002325.SZ,深圳市洪涛装饰股份有限公司
002326.SZ,浙江永太科技股份有限公司
002327.SZ,深圳市富安娜家居用品股份有限公司
002328.SZ,上海新朋实业股份有限公司
002329.SZ,皇氏集团股份有限公司
002330.SZ,山东得利斯食品股份有限公司
002331.SZ,安徽皖通科技股份有限公司
002332.SZ,浙江仙琚制药股份有限公司
002333.SZ,苏州罗普斯金铝业股份有限公司
002334.SZ,深圳市英威腾电气股份有限公司
002335.SZ,厦门科华恒盛股份有限公司
002336.SZ,人人乐连锁商业集团股份有限公司
002337.SZ,天津赛象科技股份有限公司
002338.SZ,长春奥普光电技术股份有限公司
002339.SZ,积成电子股份有限公司
002340.SZ,格林美股份有限公司
002341.SZ,深圳市新纶科技股份有限公司
002342.SZ,巨力索具股份有限公司
002343.SZ,慈文传媒股份有限公司
002344.SZ,海宁中国皮革城股份有限公司
002345.SZ,广东潮宏基实业股份有限公司
002346.SZ,上海柘中集团股份有限公司
002347.SZ,泰尔重工股份有限公司
002348.SZ,广东高乐股份有限公司
002349.SZ,精华制药集团股份有限公司
002350.SZ,北京科锐配电自动化股份有限公司
002351.SZ,深圳市漫步者科技股份有限公司
002352.SZ,顺丰控股股份有限公司
002353.SZ,烟台杰瑞石油服务集团股份有限公司
002354.SZ,大连天神娱乐股份有限公司
002355.SZ,兴民智通(集团)股份有限公司
002356.SZ,深圳赫美集团股份有限公司
002357.SZ,四川富临运业集团股份有限公司
002358.SZ,河南森源电气股份有限公司
002359.SZ,北讯集团股份有限公司
002360.SZ,山西同德化工股份有限公司
002361.SZ,安徽神剑新材料股份有限公司
002362.SZ,汉王科技股份有限公司
002363.SZ,山东隆基机械股份有限公司
002364.SZ,杭州中恒电气股份有限公司
002365.SZ,潜江永安药业股份有限公司
002366.SZ,台海玛努尔核电设备股份有限公司
002367.SZ,康力电梯股份有限公司
002368.SZ,太极计算机股份有限公司
002369.SZ,深圳市卓翼科技股份有限公司
002370.SZ,浙江亚太药业股份有限公司
002371.SZ,北方华创科技集团股份有限公司
002372.SZ,浙江伟星新型建材股份有限公司
002373.SZ,北京千方科技股份有限公司
002374.SZ,山东丽鹏股份有限公司
002375.SZ,浙江亚厦装饰股份有限公司
002376.SZ,山东新北洋信息技术股份有限公司
002377.SZ,湖北国创高新材料股份有限公司
002378.SZ,崇义章源钨业股份有限公司
002379.SZ,山东宏创铝业控股股份有限公司
002380.SZ,南京科远自动化集团股份有限公司
002381.SZ,浙江双箭橡胶股份有限公司
002382.SZ,蓝帆医疗股份有限公司
002383.SZ,北京合众思壮科技股份有限公司
002384.SZ,苏州东山精密制造股份有限公司
002385.SZ,北京大北农科技集团股份有限公司
002386.SZ,宜宾天原集团股份有限公司
002387.SZ,维信诺科技股份有限公司
002388.SZ,深圳市新亚电子制程股份有限公司
002389.SZ,浙江南洋科技股份有限公司
002390.SZ,贵州信邦制药股份有限公司
002391.SZ,江苏长青农化股份有限公司
002392.SZ,北京利尔高温材料股份有限公司
002393.SZ,天津力生制药股份有限公司
002394.SZ,江苏联发纺织股份有限公司
002395.SZ,无锡双象超纤材料股份有限公司
002396.SZ,福建星网锐捷通讯股份有限公司
002397.SZ,湖南梦洁家纺股份有限公司
002398.SZ,厦门市建筑科学研究院集团股份有限公司
002399.SZ,深圳市海普瑞药业集团股份有限公司
002400.SZ,广东省广告集团股份有限公司
002401.SZ,中远海运科技股份有限公司
002402.SZ,深圳和而泰智能控制股份有限公司
002403.SZ,浙江爱仕达电器股份有限公司
002404.SZ,浙江嘉欣丝绸股份有限公司
002405.SZ,北京四维图新科技股份有限公司
002406.SZ,许昌远东传动轴股份有限公司
002407.SZ,多氟多化工股份有限公司
002408.SZ,淄博齐翔腾达化工股份有限公司
002409.SZ,江苏雅克科技股份有限公司
002410.SZ,广联达科技股份有限公司
002411.SZ,延安必康制药股份有限公司
002412.SZ,湖南汉森制药股份有限公司
002413.SZ,江苏雷科防务科技股份有限公司
002414.SZ,武汉高德红外股份有限公司
002415.SZ,杭州海康威视数字技术股份有限公司
002416.SZ,深圳市爱施德股份有限公司
002417.SZ,深南金科股份有限公司
002418.SZ,浙江康盛股份有限公司
002419.SZ,天虹商场股份有限公司
002420.SZ,广州毅昌科技股份有限公司
002421.SZ,深圳达实智能股份有限公司
002422.SZ,四川科伦药业股份有限公司
002423.SZ,中原特钢股份有限公司
002424.SZ,贵州百灵企业集团制药股份有限公司
002425.SZ,凯撒(中国)文化股份有限公司
002426.SZ,苏州胜利精密制造科技股份有限公司
002427.SZ,浙江尤夫高新纤维股份有限公司
002428.SZ,云南临沧鑫圆锗业股份有限公司
002429.SZ,深圳市兆驰股份有限公司
002430.SZ,杭州杭氧股份有限公司
002431.SZ,棕榈生态城镇发展股份有限公司
002432.SZ,天津九安医疗电子股份有限公司
002433.SZ,广东太安堂药业股份有限公司
002434.SZ,浙江万里扬股份有限公司
002435.SZ,长江润发医药股份有限公司
002436.SZ,深圳市兴森快捷电路科技股份有限公司
002437.SZ,哈尔滨誉衡药业股份有限公司
002438.SZ,江苏神通阀门股份有限公司
002439.SZ,启明星辰信息技术集团股份有限公司
002440.SZ,浙江闰土股份有限公司
002441.SZ,众业达电气股份有限公司
002442.SZ,龙星化工股份有限公司
002443.SZ,浙江金洲管道科技股份有限公司
002444.SZ,杭州巨星科技股份有限公司
002445.SZ,中南红文化集团股份有限公司
002446.SZ,广东盛路通信科技股份有限公司
002447.SZ,大连晨鑫网络科技股份有限公司
002448.SZ,中原内配集团股份有限公司
002449.SZ,佛山市国星光电股份有限公司
002450.SZ,康得新复合材料集团股份有限公司
002451.SZ,上海摩恩电气股份有限公司
002452.SZ,湖南长高高压开关集团股份公司
002453.SZ,金陵华软科技股份有限公司
002454.SZ,上海加冷松芝汽车空调股份有限公司
002455.SZ,江苏百川高科新材料股份有限公司
002456.SZ,欧菲科技股份有限公司
002457.SZ,宁夏青龙管业股份有限公司
002458.SZ,山东益生种畜禽股份有限公司
002459.SZ,秦皇岛天业通联重工股份有限公司
002460.SZ,江西赣锋锂业股份有限公司
002461.SZ,广州珠江啤酒股份有限公司
002462.SZ,嘉事堂药业股份有限公司
002463.SZ,沪士电子股份有限公司
002464.SZ,众应互联科技股份有限公司
002465.SZ,广州海格通信集团股份有限公司
002466.SZ,天齐锂业股份有限公司
002467.SZ,二六三网络通信股份有限公司
002468.SZ,申通快递股份有限公司
002469.SZ,山东三维石化工程股份有限公司
002470.SZ,金正大生态工程集团股份有限公司
002471.SZ,江苏中超控股股份有限公司
002472.SZ,浙江双环传动机械股份有限公司
002473.SZ,宁波圣莱达电器股份有限公司
002474.SZ,福建榕基软件股份有限公司
002475.SZ,立讯精密工业股份有限公司
002476.SZ,山东宝莫生物化工股份有限公司
002477.SZ,雏鹰农牧集团股份有限公司
002478.SZ,江苏常宝钢管股份有限公司
002479.SZ,浙江富春江环保热电股份有限公司
002480.SZ,成都市新筑路桥机械股份有限公司
002481.SZ,烟台双塔食品股份有限公司
002482.SZ,深圳广田集团股份有限公司
002483.SZ,江苏润邦重工股份有限公司
002484.SZ,南通江海电容器股份有限公司
002485.SZ,希努尔男装股份有限公司
002486.SZ,上海嘉麟杰纺织品股份有限公司
002487.SZ,辽宁大金重工股份有限公司
002488.SZ,浙江金固股份有限公司
002489.SZ,浙江永强集团股份有限公司
002490.SZ,山东墨龙石油机械股份有限公司
002491.SZ,通鼎互联信息股份有限公司
002492.SZ,珠海恒基达鑫国际化工仓储股份有限公司
002493.SZ,荣盛石化股份有限公司
002494.SZ,华斯控股股份有限公司
002495.SZ,广东佳隆食品股份有限公司
002496.SZ,江苏辉丰生物农业股份有限公司
002497.SZ,四川雅化实业集团股份有限公司
002498.SZ,青岛汉缆股份有限公司
002499.SZ,科林环保装备股份有限公司
002500.SZ,山西证券股份有限公司
002501.SZ,吉林利源精制股份有限公司
002502.SZ,骅威文化股份有限公司
002503.SZ,搜于特集团股份有限公司
002504.SZ,北京弘高创意建筑设计股份有限公司
002505.SZ,湖南大康国际农业食品股份有限公司
002506.SZ,协鑫集成科技股份有限公司
002507.SZ,重庆市涪陵榨菜集团股份有限公司
002508.SZ,杭州老板电器股份有限公司
002509.SZ,天广中茂股份有限公司
002510.SZ,天津汽车模具股份有限公司
002511.SZ,中顺洁柔纸业股份有限公司
002512.SZ,福州达华智能科技股份有限公司
002513.SZ,江苏蓝丰生物化工股份有限公司
002514.SZ,苏州宝馨科技实业股份有限公司
002515.SZ,金字火腿股份有限公司
002516.SZ,旷达科技集团股份有限公司
002517.SZ,恺英网络股份有限公司
002518.SZ,深圳科士达科技股份有限公司
002519.SZ,江苏银河电子股份有限公司
002520.SZ,浙江日发精密机械股份有限公司
002521.SZ,齐峰新材料股份有限公司
002522.SZ,浙江众成包装材料股份有限公司
002523.SZ,株洲天桥起重机股份有限公司
002524.SZ,光正集团股份有限公司
002526.SZ,山东矿机集团股份有限公司
002527.SZ,上海新时达电气股份有限公司
002528.SZ,深圳英飞拓科技股份有限公司
002529.SZ,福建海源复合材料科技股份有限公司
002530.SZ,金财互联控股股份有限公司
002531.SZ,天顺风能(苏州)股份有限公司
002532.SZ,新界泵业集团股份有限公司
002533.SZ,金杯电工股份有限公司
002534.SZ,杭州锅炉集团股份有限公司
002535.SZ,林州重机集团股份有限公司
002536.SZ,河南省西峡汽车水泵股份有限公司
002537.SZ,海联金汇科技股份有限公司
002538.SZ,安徽省司尔特肥业股份有限公司
002539.SZ,成都云图控股股份有限公司
002540.SZ,江苏亚太轻合金科技股份有限公司
002541.SZ,安徽鸿路钢结构(集团)股份有限公司
002542.SZ,中化岩土集团股份有限公司
002543.SZ,广东万和新电气股份有限公司
002544.SZ,广州杰赛科技股份有限公司
002545.SZ,青岛东方铁塔股份有限公司
002546.SZ,南京新联电子股份有限公司
002547.SZ,苏州春兴精工股份有限公司
002548.SZ,深圳市金新农科技股份有限公司
002549.SZ,湖南凯美特气体股份有限公司
002550.SZ,常州千红生化制药股份有限公司
002551.SZ,深圳市尚荣医疗股份有限公司
002552.SZ,宝鼎科技股份有限公司
002553.SZ,江苏南方轴承股份有限公司
002554.SZ,华油惠博普科技股份有限公司
002555.SZ,芜湖顺荣三七互娱网络科技股份有限公司
002556.SZ,安徽辉隆农资集团股份有限公司
002557.SZ,洽洽食品股份有限公司
002558.SZ,巨人网络集团股份有限公司
002559.SZ,江苏亚威机床股份有限公司
002560.SZ,河南通达电缆股份有限公司
002561.SZ,上海徐家汇商城股份有限公司
002562.SZ,兄弟科技股份有限公司
002563.SZ,浙江森马服饰股份有限公司
002564.SZ,苏州天沃科技股份有限公司
002565.SZ,上海顺灏新材料科技股份有限公司
002566.SZ,吉林省集安益盛药业股份有限公司
002567.SZ,唐人神集团股份有限公司
002568.SZ,上海百润投资控股集团股份有限公司
002569.SZ,浙江步森服饰股份有限公司
002570.SZ,贝因美婴童食品股份有限公司
002571.SZ,安徽德力日用玻璃股份有限公司
002572.SZ,索菲亚家居股份有限公司
002573.SZ,北京清新环境技术股份有限公司
002574.SZ,浙江明牌珠宝股份有限公司
002575.SZ,广东群兴玩具股份有限公司
002576.SZ,江苏通达动力科技股份有限公司
002577.SZ,深圳雷柏科技股份有限公司
002578.SZ,福建省闽发铝业股份有限公司
002579.SZ,惠州中京电子科技股份有限公司
002580.SZ,山东圣阳电源股份有限公司
002581.SZ,山东未名生物医药股份有限公司
002582.SZ,好想你健康食品股份有限公司
002583.SZ,海能达通信股份有限公司
002584.SZ,西陇科学股份有限公司
002585.SZ,江苏双星彩塑新材料股份有限公司
002586.SZ,浙江省围海建设集团股份有限公司
002587.SZ,深圳市奥拓电子股份有限公司
002588.SZ,史丹利农业集团股份有限公司
002589.SZ,瑞康医药股份有限公司
002590.SZ,浙江万安科技股份有限公司
002591.SZ,江西恒大高新技术股份有限公司
002592.SZ,南宁八菱科技股份有限公司
002593.SZ,厦门日上集团股份有限公司
002594.SZ,比亚迪股份有限公司
002595.SZ,山东豪迈机械科技股份有限公司
002596.SZ,海南瑞泽新型建材股份有限公司
002597.SZ,安徽金禾实业股份有限公司
002598.SZ,山东省章丘鼓风机股份有限公司
002599.SZ,北京盛通印刷股份有限公司
002600.SZ,广东领益智造股份有限公司
002601.SZ,龙蟒佰利联集团股份有限公司
002602.SZ,浙江世纪华通集团股份有限公司
002603.SZ,石家庄以岭药业股份有限公司
002604.SZ,山东龙力生物科技股份有限公司
002605.SZ,上海姚记扑克股份有限公司
002606.SZ,大连电瓷集团股份有限公司
002607.SZ,亚夏汽车股份有限公司
002608.SZ,江苏国信股份有限公司
002609.SZ,深圳市捷顺科技实业股份有限公司
002610.SZ,江苏爱康科技股份有限公司
002611.SZ,广东东方精工科技股份有限公司
002612.SZ,朗姿股份有限公司
002613.SZ,洛阳北方玻璃技术股份有限公司
002614.SZ,奥佳华智能健康科技集团股份有限公司
002615.SZ,浙江哈尔斯真空器皿股份有限公司
002616.SZ,广东长青(集团)股份有限公司
002617.SZ,露笑科技股份有限公司
002618.SZ,深圳丹邦科技股份有限公司
002619.SZ,艾格拉斯股份有限公司
002620.SZ,深圳瑞和建筑装饰股份有限公司
002621.SZ,大连三垒机器股份有限公司
002622.SZ,融钰集团股份有限公司
002623.SZ,常州亚玛顿股份有限公司
002624.SZ,完美世界股份有限公司
002625.SZ,光启技术股份有限公司
002626.SZ,厦门金达威集团股份有限公司
002627.SZ,湖北宜昌交运集团股份有限公司
002628.SZ,成都市路桥工程股份有限公司
002629.SZ,浙江仁智股份有限公司
002630.SZ,华西能源工业股份有限公司
002631.SZ,德尔未来科技控股集团股份有限公司
002632.SZ,道明光学股份有限公司
002633.SZ,申科滑动轴承股份有限公司
002634.SZ,浙江棒杰数码针织品股份有限公司
002635.SZ,苏州安洁科技股份有限公司
002636.SZ,金安国纪科技股份有限公司
002637.SZ,赞宇科技集团股份有限公司
002638.SZ,东莞勤上光电股份有限公司
002639.SZ,福建雪人股份有限公司
002640.SZ,跨境通宝电子商务股份有限公司
002641.SZ,永高股份有限公司
002642.SZ,北京荣之联科技股份有限公司
002643.SZ,中节能万润股份有限公司
002644.SZ,兰州佛慈制药股份有限公司
002645.SZ,江苏华宏科技股份有限公司
002646.SZ,青海互助青稞酒股份有限公司
002647.SZ,仁东控股股份有限公司
002648.SZ,浙江卫星石化股份有限公司
002649.SZ,博彦科技股份有限公司
002650.SZ,加加食品集团股份有限公司
002651.SZ,成都利君实业股份有限公司
002652.SZ,苏州扬子江新型材料股份有限公司
002653.SZ,海思科医药集团股份有限公司
002654.SZ,深圳万润科技股份有限公司
002655.SZ,共达电声股份有限公司
002656.SZ,摩登大道时尚集团股份有限公司
002657.SZ,北京中科金财科技股份有限公司
002658.SZ,北京雪迪龙科技股份有限公司
002659.SZ,北京凯文德信教育科技股份有限公司
002660.SZ,茂硕电源科技股份有限公司
002661.SZ,克明面业股份有限公司
002662.SZ,北京威卡威汽车零部件股份有限公司
002663.SZ,广州普邦园林股份有限公司
002664.SZ,长鹰信质科技股份有限公司
002665.SZ,北京首航艾启威节能技术股份有限公司
002666.SZ,广东德联集团股份有限公司
002667.SZ,鞍山重型矿山机器股份有限公司
002668.SZ,广东奥马电器股份有限公司
002669.SZ,上海康达化工新材料股份有限公司
002670.SZ,国盛金融控股集团股份有限公司
002671.SZ,山东龙泉管道工程股份有限公司
002672.SZ,东江环保股份有限公司
002673.SZ,西部证券股份有限公司
002674.SZ,兴业皮革科技股份有限公司
002675.SZ,烟台东诚药业集团股份有限公司
002676.SZ,广东顺威精密塑料股份有限公司
002677.SZ,浙江美大实业股份有限公司
002678.SZ,广州珠江钢琴集团股份有限公司
002679.SZ,福建金森林业股份有限公司
002680.SZ,长生生物科技股份有限公司
002681.SZ,深圳市奋达科技股份有限公司
002682.SZ,龙洲集团股份有限公司
002683.SZ,广东宏大爆破股份有限公司
002684.SZ,广东猛狮新能源科技股份有限公司
002685.SZ,无锡华东重型机械股份有限公司
002686.SZ,浙江亿利达风机股份有限公司
002687.SZ,浙江乔治白服饰股份有限公司
002688.SZ,金河生物科技股份有限公司
002689.SZ,沈阳远大智能工业集团股份有限公司
002690.SZ,合肥美亚光电技术股份有限公司
002691.SZ,冀凯装备制造股份有限公司
002692.SZ,睿康文远电缆股份有限公司
002693.SZ,海南双成药业股份有限公司
002694.SZ,顾地科技股份有限公司
002695.SZ,江西煌上煌集团食品股份有限公司
002696.SZ,百洋产业投资集团股份有限公司
002697.SZ,成都红旗连锁股份有限公司
002698.SZ,哈尔滨博实自动化股份有限公司
002699.SZ,美盛文化创意股份有限公司
002700.SZ,新疆浩源天然气股份有限公司
002701.SZ,奥瑞金科技股份有限公司
002702.SZ,海欣食品股份有限公司
002703.SZ,浙江世宝股份有限公司
002705.SZ,广东新宝电器股份有限公司
002706.SZ,上海良信电器股份有限公司
002707.SZ,众信旅游集团股份有限公司
002708.SZ,常州光洋轴承股份有限公司
002709.SZ,广州天赐高新材料股份有限公司
002711.SZ,欧浦智网股份有限公司
002712.SZ,思美传媒股份有限公司
002713.SZ,东易日盛家居装饰集团股份有限公司
002714.SZ,牧原食品股份有限公司
002715.SZ,怀集登云汽配股份有限公司
002716.SZ,郴州市金贵银业股份有限公司
002717.SZ,岭南生态文旅股份有限公司
002718.SZ,浙江友邦集成吊顶股份有限公司
002719.SZ,麦趣尔集团股份有限公司
002721.SZ,北京金一文化发展股份有限公司
002722.SZ,金轮蓝海股份有限公司
002723.SZ,广东金莱特电器股份有限公司
002724.SZ,海洋王照明科技股份有限公司
002725.SZ,浙江跃岭股份有限公司
002726.SZ,山东龙大肉食品股份有限公司
002727.SZ,云南鸿翔一心堂药业(集团)股份有限公司
002728.SZ,特一药业集团股份有限公司
002729.SZ,好利来(中国)电子科技股份有限公司
002730.SZ,电光防爆科技股份有限公司
002731.SZ,沈阳萃华金银珠宝股份有限公司
002732.SZ,广东燕塘乳业股份有限公司
002733.SZ,深圳市雄韬电源科技股份有限公司
002734.SZ,利民化工股份有限公司
002735.SZ,深圳王子新材料股份有限公司
002736.SZ,国信证券股份有限公司
002737.SZ,葵花药业集团股份有限公司
002738.SZ,中矿资源集团股份有限公司
002739.SZ,万达电影股份有限公司
002740.SZ,深圳市爱迪尔珠宝股份有限公司
002741.SZ,广东光华科技股份有限公司
002742.SZ,重庆三圣实业股份有限公司
002743.SZ,安徽富煌钢构股份有限公司
002745.SZ,木林森股份有限公司
002746.SZ,山东仙坛股份有限公司
002747.SZ,南京埃斯顿自动化股份有限公司
002748.SZ,江西世龙实业股份有限公司
002749.SZ,四川国光农化股份有限公司
002750.SZ,昆明龙津药业股份有限公司
002751.SZ,深圳市易尚展示股份有限公司
002752.SZ,昇兴集团股份有限公司
002753.SZ,山西永东化工股份有限公司
002755.SZ,北京东方新星石化工程股份有限公司
002756.SZ,永兴特种不锈钢股份有限公司
002757.SZ,南兴装备股份有限公司
002758.SZ,浙江华通医药股份有限公司
002759.SZ,广东天际电器股份有限公司
002760.SZ,安徽省凤形耐磨材料股份有限公司
002761.SZ,多喜爱集团股份有限公司
002762.SZ,金发拉比妇婴童用品股份有限公司
002763.SZ,深圳汇洁集团股份有限公司
002765.SZ,重庆蓝黛动力传动机械股份有限公司
002766.SZ,深圳市索菱实业股份有限公司
002767.SZ,杭州先锋电子技术股份有限公司
002768.SZ,青岛国恩科技股份有限公司
002769.SZ,深圳市普路通供应链管理股份有限公司
002770.SZ,河南科迪乳业股份有限公司
002771.SZ,北京真视通科技股份有限公司
002772.SZ,天水众兴菌业科技股份有限公司
002773.SZ,成都康弘药业集团股份有限公司
002774.SZ,快意电梯股份有限公司
002775.SZ,深圳文科园林股份有限公司
002776.SZ,广东柏堡龙股份有限公司
002777.SZ,四川久远银海软件股份有限公司
002778.SZ,江苏高科石化股份有限公司
002779.SZ,浙江中坚科技股份有限公司
002780.SZ,北京三夫户外用品股份有限公司
002781.SZ,深圳市奇信建设集团股份有限公司
002782.SZ,深圳可立克科技股份有限公司
002783.SZ,湖北凯龙化工集团股份有限公司
002785.SZ,厦门万里石股份有限公司
002786.SZ,深圳市银宝山新科技股份有限公司
002787.SZ,苏州华源控股股份有限公司
002788.SZ,鹭燕医药股份有限公司
002789.SZ,深圳市建艺装饰集团股份有限公司
002790.SZ,厦门瑞尔特卫浴科技股份有限公司
002791.SZ,广东坚朗五金制品股份有限公司
002792.SZ,广东通宇通讯股份有限公司
002793.SZ,浙江东音泵业股份有限公司
002795.SZ,永和流体智控股份有限公司
002796.SZ,苏州市世嘉科技股份有限公司
002797.SZ,第一创业证券股份有限公司
002798.SZ,帝欧家居股份有限公司
002799.SZ,西安环球印务股份有限公司
002800.SZ,新疆天顺供应链股份有限公司
002801.SZ,杭州微光电子股份有限公司
002802.SZ,无锡洪汇新材料科技股份有限公司
002803.SZ,厦门吉宏包装科技股份有限公司
002805.SZ,山东丰元化学股份有限公司
002806.SZ,广东华锋新能源科技股份有限公司
002807.SZ,江苏江阴农村商业银行股份有限公司
002808.SZ,苏州恒久光电科技股份有限公司
002809.SZ,广东红墙新材料股份有限公司
002810.SZ,山东赫达股份有限公司
002811.SZ,深圳市亚泰国际建设股份有限公司
002812.SZ,云南恩捷新材料股份有限公司
002813.SZ,深圳市路畅科技股份有限公司
002815.SZ,崇达技术股份有限公司
002816.SZ,深圳市和科达精密清洗设备股份有限公司
002817.SZ,安徽黄山胶囊股份有限公司
002818.SZ,成都富森美家居股份有限公司
002819.SZ,北京东方中科集成科技股份有限公司
002820.SZ,天津桂发祥十八街麻花食品股份有限公司
002821.SZ,凯莱英医药集团(天津)股份有限公司
002822.SZ,深圳市中装建设集团股份有限公司
002823.SZ,深圳市凯中精密技术股份有限公司
002824.SZ,广东和胜工业铝材股份有限公司
002825.SZ,上海纳尔实业股份有限公司
002826.SZ,西藏易明西雅医药科技股份有限公司
002827.SZ,西藏高争民爆股份有限公司
002828.SZ,新疆贝肯能源工程股份有限公司
002829.SZ,北京星网宇达科技股份有限公司
002830.SZ,深圳市名雕装饰股份有限公司
002831.SZ,深圳市裕同包装科技股份有限公司
002832.SZ,比音勒芬服饰股份有限公司
002833.SZ,广州弘亚数控机械股份有限公司
002835.SZ,深圳市同为数码科技股份有限公司
002836.SZ,广东新宏泽包装股份有限公司
002837.SZ,深圳市英维克科技股份有限公司
002838.SZ,山东道恩高分子材料股份有限公司
002839.SZ,江苏张家港农村商业银行股份有限公司
002840.SZ,浙江华统肉制品股份有限公司
002841.SZ,广州视源电子科技股份有限公司
002842.SZ,广东翔鹭钨业股份有限公司
002843.SZ,湖南泰嘉新材料科技股份有限公司
002845.SZ,深圳同兴达科技股份有限公司
002846.SZ,广东英联包装股份有限公司
002847.SZ,盐津铺子食品股份有限公司
002848.SZ,高斯贝尔数码科技股份有限公司
002849.SZ,浙江威星智能仪表股份有限公司
002850.SZ,深圳市科达利实业股份有限公司
002851.SZ,深圳麦格米特电气股份有限公司
002852.SZ,道道全粮油股份有限公司
002853.SZ,广东皮阿诺科学艺术家居股份有限公司
002855.SZ,东莞捷荣技术股份有限公司
002856.SZ,深圳市美芝装饰设计工程股份有限公司
002857.SZ,郑州三晖电气股份有限公司
002858.SZ,上海力盛赛车文化股份有限公司
002859.SZ,浙江洁美电子科技股份有限公司
002860.SZ,杭州星帅尔电器股份有限公司
002861.SZ,湖北瀛通通讯线材股份有限公司
002862.SZ,实丰文化发展股份有限公司
002863.SZ,浙江今飞凯达轮毂股份有限公司
002864.SZ,陕西盘龙药业集团股份有限公司
002865.SZ,海南钧达汽车饰件股份有限公司
002866.SZ,江苏传艺科技股份有限公司
002867.SZ,周大生珠宝股份有限公司
002868.SZ,绿康生化股份有限公司
002869.SZ,深圳市金溢科技股份有限公司
002870.SZ,广东香山衡器集团股份有限公司
002871.SZ,青岛伟隆阀门股份有限公司
002872.SZ,天圣制药集团股份有限公司
002873.SZ,贵阳新天药业股份有限公司
002875.SZ,深圳市安奈儿股份有限公司
002876.SZ,深圳市三利谱光电科技股份有限公司
002877.SZ,无锡智能自控工程股份有限公司
002878.SZ,北京元隆雅图文化传播股份有限公司
002879.SZ,长缆电工科技股份有限公司
002880.SZ,深圳市卫光生物制品股份有限公司
002881.SZ,美格智能技术股份有限公司
002882.SZ,金龙羽集团股份有限公司
002883.SZ,江苏中设集团股份有限公司
002884.SZ,广东凌霄泵业股份有限公司
002885.SZ,深圳市京泉华科技股份有限公司
002886.SZ,深圳市沃特新材料股份有限公司
002887.SZ,天津绿茵景观生态建设股份有限公司
002888.SZ,广州惠威电声科技股份有限公司
002889.SZ,深圳市东方嘉盛供应链股份有限公司
002890.SZ,山东弘宇农机股份有限公司
002891.SZ,烟台中宠食品股份有限公司
002892.SZ,湖南科力尔电机股份有限公司
002893.SZ,北京华远意通热力科技股份有限公司
002895.SZ,贵州川恒化工股份有限公司
002896.SZ,宁波中大力德智能传动股份有限公司
002897.SZ,温州意华接插件股份有限公司
002898.SZ,珠海赛隆药业股份有限公司
002899.SZ,青岛英派斯健康科技股份有限公司
002900.SZ,哈尔滨三联药业股份有限公司
002901.SZ,大博医疗科技股份有限公司
002902.SZ,东莞铭普光磁股份有限公司
002903.SZ,宇环数控机床股份有限公司
002905.SZ,广州金逸影视传媒股份有限公司
002906.SZ,惠州市华阳集团股份有限公司
002907.SZ,重庆华森制药股份有限公司
002908.SZ,广东德生科技股份有限公司
002909.SZ,广州集泰化工股份有限公司
002910.SZ,兰州庄园牧场股份有限公司
002911.SZ,佛山市燃气集团股份有限公司
002912.SZ,深圳市中新赛克科技股份有限公司
002913.SZ,奥士康科技股份有限公司
002915.SZ,浙江中欣氟材股份有限公司
002916.SZ,深南电路股份有限公司
002917.SZ,深圳市金奥博科技股份有限公司
002918.SZ,蒙娜丽莎集团股份有限公司
002919.SZ,名臣健康用品股份有限公司
002920.SZ,惠州市德赛西威汽车电子股份有限公司
002921.SZ,山东联诚精密制造股份有限公司
002922.SZ,伊戈尔电气股份有限公司
002923.SZ,珠海润都制药股份有限公司
002925.SZ,厦门盈趣科技股份有限公司
002926.SZ,华西证券股份有限公司
002927.SZ,贵州泰永长征技术股份有限公司
002928.SZ,华夏航空股份有限公司
002929.SZ,润建通信股份有限公司
002930.SZ,广东宏川智慧物流股份有限公司
002931.SZ,浙江锋龙电气股份有限公司
002932.SZ,武汉明德生物科技股份有限公司
002933.SZ,北京新兴东方航空装备股份有限公司
002935.SZ,成都天奥电子股份有限公司
002936.SZ,郑州银行股份有限公司
002937.SZ,宁波兴瑞电子科技股份有限公司
002938.SZ,鹏鼎控股(深圳)股份有限公司
002939.SZ,长城证券股份有限公司
002940.SZ,浙江昂利康制药股份有限公司
002941.SZ,新疆交通建设集团股份有限公司
002942.SZ,浙江新农化工股份有限公司
002943.SZ,湖南宇晶机器股份有限公司
300001.SZ,青岛特锐德电气股份有限公司
300002.SZ,北京神州泰岳软件股份有限公司
300003.SZ,乐普(北京)医疗器械股份有限公司
300004.SZ,南方风机股份有限公司
300005.SZ,探路者控股集团股份有限公司
300006.SZ,重庆莱美药业股份有限公司
300007.SZ,汉威科技集团股份有限公司
300008.SZ,天海融合防务装备技术股份有限公司
300009.SZ,安徽安科生物工程(集团)股份有限公司
300010.SZ,北京立思辰科技股份有限公司
300011.SZ,北京鼎汉技术股份有限公司
300012.SZ,华测检测认证集团股份有限公司
300013.SZ,江苏新宁现代物流股份有限公司
300014.SZ,惠州亿纬锂能股份有限公司
300015.SZ,爱尔眼科医院集团股份有限公司
300016.SZ,北京北陆药业股份有限公司
300017.SZ,网宿科技股份有限公司
300018.SZ,武汉中元华电科技股份有限公司
300019.SZ,成都硅宝科技股份有限公司
300020.SZ,银江股份有限公司
300021.SZ,大禹节水集团股份有限公司
300022.SZ,吉峰三农科技服务股份有限公司
300023.SZ,西安宝德自动化股份有限公司
300024.SZ,沈阳新松机器人自动化股份有限公司
300025.SZ,杭州华星创业通信技术股份有限公司
300026.SZ,天津红日药业股份有限公司
300027.SZ,华谊兄弟传媒股份有限公司
300028.SZ,金亚科技股份有限公司
300029.SZ,江苏华盛天龙光电设备股份有限公司
300030.SZ,广州阳普医疗科技股份有限公司
300031.SZ,无锡宝通科技股份有限公司
300032.SZ,金龙机电股份有限公司
300033.SZ,浙江核新同花顺网络信息股份有限公司
300034.SZ,北京钢研高纳科技股份有限公司
300035.SZ,湖南中科电气股份有限公司
300036.SZ,北京超图软件股份有限公司
300037.SZ,深圳新宙邦科技股份有限公司
300038.SZ,北京数知科技股份有限公司
300039.SZ,上海凯宝药业股份有限公司
300040.SZ,哈尔滨九洲电气股份有限公司
300041.SZ,湖北回天新材料股份有限公司
300042.SZ,深圳市朗科科技股份有限公司
300043.SZ,星辉互动娱乐股份有限公司
300044.SZ,深圳市赛为智能股份有限公司
300045.SZ,北京华力创通科技股份有限公司
300046.SZ,湖北台基半导体股份有限公司
300047.SZ,深圳天源迪科信息技术股份有限公司
300048.SZ,北京合康新能科技股份有限公司
300049.SZ,内蒙古福瑞医疗科技股份有限公司
300050.SZ,珠海世纪鼎利科技股份有限公司
300051.SZ,厦门三五互联科技股份有限公司
300052.SZ,深圳中青宝互动网络股份有限公司
300053.SZ,珠海欧比特宇航科技股份有限公司
300054.SZ,湖北鼎龙控股股份有限公司
300055.SZ,北京万邦达环保技术股份有限公司
300056.SZ,厦门三维丝环保股份有限公司
300057.SZ,汕头万顺包装材料股份有限公司
300058.SZ,北京蓝色光标数据科技股份有限公司
300059.SZ,东方财富信息股份有限公司
300061.SZ,上海康耐特旗计智能科技集团股份有限公司
300062.SZ,中能电气股份有限公司
300063.SZ,广东天龙油墨集团股份有限公司
300064.SZ,郑州华晶金刚石股份有限公司
300065.SZ,北京海兰信数据科技股份有限公司
300066.SZ,三川智慧科技股份有限公司
300067.SZ,上海安诺其集团股份有限公司
300068.SZ,浙江南都电源动力股份有限公司
300069.SZ,浙江金利华电气股份有限公司
300070.SZ,北京碧水源科技股份有限公司
300071.SZ,北京华谊嘉信整合营销顾问集团股份有限公司
300072.SZ,北京三聚环保新材料股份有限公司
300073.SZ,北京当升材料科技股份有限公司
300074.SZ,华平信息技术股份有限公司
300075.SZ,北京数字政通科技股份有限公司
300076.SZ,宁波GQY视讯股份有限公司
300077.SZ,国民技术股份有限公司
300078.SZ,思创医惠科技股份有限公司
300079.SZ,北京数码视讯科技股份有限公司
300080.SZ,河南易成新能源股份有限公司
300081.SZ,恒信东方文化股份有限公司
300082.SZ,辽宁奥克化学股份有限公司
300083.SZ,广东劲胜智能集团股份有限公司
300084.SZ,海默科技(集团)股份有限公司
300085.SZ,深圳市银之杰科技股份有限公司
300086.SZ,康芝药业股份有限公司
300087.SZ,安徽荃银高科种业股份有限公司
300088.SZ,芜湖长信科技股份有限公司
300089.SZ,广东文化长城集团股份有限公司
300090.SZ,安徽盛运环保(集团)股份有限公司
300091.SZ,江苏金通灵流体机械科技股份有限公司
300092.SZ,四川科新机电股份有限公司
300093.SZ,广东金刚玻璃科技股份有限公司
300094.SZ,湛江国联水产开发股份有限公司
300095.SZ,江西华伍制动器股份有限公司
300096.SZ,易联众信息技术股份有限公司
300097.SZ,大连智云自动化装备股份有限公司
300098.SZ,高新兴科技集团股份有限公司
300099.SZ,尤洛卡精准信息工程股份有限公司
300100.SZ,宁波双林汽车部件股份有限公司
300101.SZ,成都振芯科技股份有限公司
300102.SZ,厦门乾照光电股份有限公司
300103.SZ,西安达刚路面机械股份有限公司
300104.SZ,乐视网信息技术(北京)股份有限公司
300105.SZ,烟台龙源电力技术股份有限公司
300106.SZ,新疆西部牧业股份有限公司
300107.SZ,河北建新化工股份有限公司
300108.SZ,吉药控股集团股份有限公司
300109.SZ,博爱新开源医疗科技集团股份有限公司
300110.SZ,华仁药业股份有限公司
300111.SZ,浙江向日葵光能科技股份有限公司
300112.SZ,深圳万讯自控股份有限公司
300113.SZ,杭州顺网科技股份有限公司
300114.SZ,中航电测仪器股份有限公司
300115.SZ,深圳市长盈精密技术股份有限公司
300116.SZ,陕西坚瑞沃能股份有限公司
300117.SZ,北京嘉寓门窗幕墙股份有限公司
300118.SZ,东方日升新能源股份有限公司
300119.SZ,天津瑞普生物技术股份有限公司
300120.SZ,天津经纬辉开光电股份有限公司
300121.SZ,山东阳谷华泰化工股份有限公司
300122.SZ,重庆智飞生物制品股份有限公司
300123.SZ,亚光科技集团股份有限公司
300124.SZ,深圳市汇川技术股份有限公司
300125.SZ,大连易世达新能源发展股份有限公司
300126.SZ,锐奇控股股份有限公司
300127.SZ,成都银河磁体股份有限公司
300128.SZ,苏州锦富技术股份有限公司
300129.SZ,上海泰胜风能装备股份有限公司
300130.SZ,深圳市新国都股份有限公司
300131.SZ,深圳市英唐智能控制股份有限公司
300132.SZ,福建青松股份有限公司
300133.SZ,浙江华策影视股份有限公司
300134.SZ,深圳市大富科技股份有限公司
300135.SZ,江苏宝利国际投资股份有限公司
300136.SZ,深圳市信维通信股份有限公司
300137.SZ,河北先河环保科技股份有限公司
300138.SZ,晨光生物科技集团股份有限公司
300139.SZ,北京晓程科技股份有限公司
300140.SZ,中节能环保装备股份有限公司
300141.SZ,苏州工业园区和顺电气股份有限公司
300142.SZ,云南沃森生物技术股份有限公司
300143.SZ,广东星普医学科技股份有限公司
300144.SZ,宋城演艺发展股份有限公司
300145.SZ,南方中金环境股份有限公司
300146.SZ,汤臣倍健股份有限公司
300147.SZ,广州市香雪制药股份有限公司
300148.SZ,天舟文化股份有限公司
300149.SZ,量子高科(中国)生物股份有限公司
300150.SZ,北京世纪瑞尔技术股份有限公司
300151.SZ,深圳市昌红科技股份有限公司
300152.SZ,徐州科融环境资源股份有限公司
300153.SZ,上海科泰电源股份有限公司
300154.SZ,深圳市瑞凌实业股份有限公司
300155.SZ,广东安居宝数码科技股份有限公司
300156.SZ,神雾环保技术股份有限公司
300157.SZ,恒泰艾普集团股份有限公司
300158.SZ,山西振东制药股份有限公司
300159.SZ,新疆机械研究院股份有限公司
300160.SZ,江苏秀强玻璃工艺股份有限公司
300161.SZ,武汉华中数控股份有限公司
300162.SZ,深圳雷曼光电科技股份有限公司
300163.SZ,宁波先锋新材料股份有限公司
300164.SZ,西安通源石油科技股份有限公司
300165.SZ,江苏天瑞仪器股份有限公司
300166.SZ,北京东方国信科技股份有限公司
300167.SZ,深圳市迪威迅股份有限公司
300168.SZ,万达信息股份有限公司
300169.SZ,常州天晟新材料股份有限公司
300170.SZ,上海汉得信息技术股份有限公司
300171.SZ,上海东富龙科技股份有限公司
300172.SZ,中电环保股份有限公司
300173.SZ,松德智慧装备股份有限公司
300174.SZ,福建元力活性炭股份有限公司
300175.SZ,朗源股份有限公司
300176.SZ,广东鸿特科技股份有限公司
300177.SZ,广州中海达卫星导航技术股份有限公司
300178.SZ,腾邦国际商业服务集团股份有限公司
300179.SZ,河南四方达超硬材料股份有限公司
300180.SZ,上海华峰超纤材料股份有限公司
300181.SZ,浙江佐力药业股份有限公司
300182.SZ,北京捷成世纪科技股份有限公司
300183.SZ,青岛东软载波科技股份有限公司
300184.SZ,武汉力源信息技术股份有限公司
300185.SZ,通裕重工股份有限公司
300187.SZ,永清环保股份有限公司
300188.SZ,厦门市美亚柏科信息股份有限公司
300189.SZ,海南神农基因科技股份有限公司
300190.SZ,江苏维尔利环保科技股份有限公司
300191.SZ,潜能恒信能源技术股份有限公司
300192.SZ,苏州科斯伍德油墨股份有限公司
300193.SZ,深圳市佳士科技股份有限公司
300194.SZ,福安药业(集团)股份有限公司
300195.SZ,天津长荣科技集团股份有限公司
300196.SZ,江苏长海复合材料股份有限公司
300197.SZ,深圳市铁汉生态环境股份有限公司
300198.SZ,福建纳川管材科技股份有限公司
300199.SZ,深圳翰宇药业股份有限公司
300200.SZ,北京高盟新材料股份有限公司
300201.SZ,徐州海伦哲专用车辆股份有限公司
300202.SZ,聚龙股份有限公司
300203.SZ,聚光科技(杭州)股份有限公司
300204.SZ,舒泰神(北京)生物制药股份有限公司
300205.SZ,武汉天喻信息产业股份有限公司
300206.SZ,深圳市理邦精密仪器股份有限公司
300207.SZ,欣旺达电子股份有限公司
300208.SZ,青岛市恒顺众昇集团股份有限公司
300209.SZ,天泽信息产业股份有限公司
300210.SZ,鞍山森远路桥股份有限公司
300211.SZ,江苏亿通高科技股份有限公司
300212.SZ,北京易华录信息技术股份有限公司
300213.SZ,北京佳讯飞鸿电气股份有限公司
300214.SZ,山东日科化学股份有限公司
300215.SZ,苏州电器科学研究院股份有限公司
300216.SZ,湖南千山制药机械股份有限公司
300217.SZ,镇江东方电热科技股份有限公司
300218.SZ,安徽安利材料科技股份有限公司
300219.SZ,鸿利智汇集团股份有限公司
300220.SZ,武汉金运激光股份有限公司
300221.SZ,广东银禧科技股份有限公司
300222.SZ,科大智能科技股份有限公司
300223.SZ,北京君正集成电路股份有限公司
300224.SZ,烟台正海磁性材料股份有限公司
300225.SZ,上海金力泰化工股份有限公司
300226.SZ,上海钢联电子商务股份有限公司
300227.SZ,深圳光韵达光电科技股份有限公司
300228.SZ,张家港富瑞特种装备股份有限公司
300229.SZ,北京拓尔思信息技术股份有限公司
300230.SZ,上海永利带业股份有限公司
300231.SZ,北京银信长远科技股份有限公司
300232.SZ,深圳市洲明科技股份有限公司
300233.SZ,山东金城医药集团股份有限公司
300234.SZ,浙江开尔新材料股份有限公司
300235.SZ,深圳市方直科技股份有限公司
300236.SZ,上海新阳半导体材料股份有限公司
300237.SZ,山东美晨生态环境股份有限公司
300238.SZ,冠昊生物科技股份有限公司
300239.SZ,包头东宝生物技术股份有限公司
300240.SZ,江苏飞力达国际物流股份有限公司
300241.SZ,深圳市瑞丰光电子股份有限公司
300242.SZ,广东佳兆业佳云科技股份有限公司
300243.SZ,山东瑞丰高分子材料股份有限公司
300244.SZ,迪安诊断技术集团股份有限公司
300245.SZ,上海天玑科技股份有限公司
300246.SZ,广东宝莱特医用科技股份有限公司
300247.SZ,安徽乐金健康科技股份有限公司
300248.SZ,新开普电子股份有限公司
300249.SZ,依米康科技集团股份有限公司
300250.SZ,杭州初灵信息技术股份有限公司
300251.SZ,北京光线传媒股份有限公司
300252.SZ,深圳金信诺高新技术股份有限公司
300253.SZ,卫宁健康科技集团股份有限公司
300254.SZ,山西仟源医药集团股份有限公司
300255.SZ,河北常山生化药业股份有限公司
300256.SZ,浙江星星科技股份有限公司
300257.SZ,浙江开山压缩机股份有限公司
300258.SZ,江苏太平洋精锻科技股份有限公司
300259.SZ,新天科技股份有限公司
300260.SZ,昆山新莱洁净应用材料股份有限公司
300261.SZ,雅本化学股份有限公司
300262.SZ,上海巴安水务股份有限公司
300263.SZ,隆华科技集团(洛阳)股份有限公司
300264.SZ,深圳市佳创视讯技术股份有限公司
300265.SZ,江苏通光电子线缆股份有限公司
300266.SZ,兴源环境科技股份有限公司
300267.SZ,湖南尔康制药股份有限公司
300268.SZ,佳沃农业开发股份有限公司
300269.SZ,深圳市联建光电股份有限公司
300270.SZ,杭州中威电子股份有限公司
300271.SZ,北京华宇软件股份有限公司
300272.SZ,开能健康科技集团股份有限公司
300273.SZ,珠海和佳医疗设备股份有限公司
300274.SZ,阳光电源股份有限公司
300275.SZ,重庆梅安森科技股份有限公司
300276.SZ,湖北三丰智能输送装备股份有限公司
300277.SZ,深圳海联讯科技股份有限公司
300278.SZ,华昌达智能装备集团股份有限公司
300279.SZ,无锡和晶科技股份有限公司
300280.SZ,江苏紫天传媒科技股份有限公司
300281.SZ,广东金明精机股份有限公司
300282.SZ,三盛智慧教育科技股份有限公司
300283.SZ,温州宏丰电工合金股份有限公司
300284.SZ,苏交科集团股份有限公司
300285.SZ,山东国瓷功能材料股份有限公司
300286.SZ,安科瑞电气股份有限公司
300287.SZ,北京飞利信科技股份有限公司
300288.SZ,贵阳朗玛信息技术股份有限公司
300289.SZ,北京利德曼生化股份有限公司
300290.SZ,荣科科技股份有限公司
300291.SZ,北京华录百纳影视股份有限公司
300292.SZ,吴通控股集团股份有限公司
300293.SZ,沈阳蓝英工业自动化装备股份有限公司
300294.SZ,博雅生物制药集团股份有限公司
300295.SZ,江苏三六五网络股份有限公司
300296.SZ,利亚德光电股份有限公司
300297.SZ,蓝盾信息安全技术股份有限公司
300298.SZ,三诺生物传感股份有限公司
300299.SZ,富春科技股份有限公司
300300.SZ,汉鼎宇佑互联网股份有限公司
300301.SZ,深圳市长方集团股份有限公司
300302.SZ,北京同有飞骥科技股份有限公司
300303.SZ,深圳市聚飞光电股份有限公司
300304.SZ,江苏云意电气股份有限公司
300305.SZ,江苏裕兴薄膜科技股份有限公司
300306.SZ,杭州远方光电信息股份有限公司
300307.SZ,宁波慈星股份有限公司
300308.SZ,中际旭创股份有限公司
300309.SZ,吉艾科技集团股份公司
300310.SZ,广东宜通世纪科技股份有限公司
300311.SZ,任子行网络技术股份有限公司
300312.SZ,邦讯技术股份有限公司
300313.SZ,新疆天山畜牧生物工程股份有限公司
300314.SZ,宁波戴维医疗器械股份有限公司
300315.SZ,北京掌趣科技股份有限公司
300316.SZ,浙江晶盛机电股份有限公司
300317.SZ,珈伟新能源股份有限公司
300318.SZ,北京博晖创新生物技术股份有限公司
300319.SZ,深圳市麦捷微电子科技股份有限公司
300320.SZ,江阴海达橡塑股份有限公司
300321.SZ,山东同大海岛新材料股份有限公司
300322.SZ,惠州硕贝德无线科技股份有限公司
300323.SZ,华灿光电股份有限公司
300324.SZ,北京旋极信息技术股份有限公司
300325.SZ,江苏德威新材料股份有限公司
300326.SZ,上海凯利泰医疗科技股份有限公司
300327.SZ,中颖电子股份有限公司
300328.SZ,东莞宜安科技股份有限公司
300329.SZ,海伦钢琴股份有限公司
300330.SZ,上海华虹计通智能系统股份有限公司
300331.SZ,苏州苏大维格科技集团股份有限公司
300332.SZ,天壕环境股份有限公司
300333.SZ,深圳兆日科技股份有限公司
300334.SZ,天津膜天膜科技股份有限公司
300335.SZ,广州迪森热能技术股份有限公司
300336.SZ,上海新文化传媒集团股份有限公司
300337.SZ,银邦金属复合材料股份有限公司
300338.SZ,长沙开元仪器股份有限公司
300339.SZ,江苏润和软件股份有限公司
300340.SZ,江门市科恒实业股份有限公司
300341.SZ,麦克奥迪(厦门)电气股份有限公司
300342.SZ,常熟市天银机电股份有限公司
300343.SZ,山东联创互联网传媒股份有限公司
300344.SZ,太空智造股份有限公司
300345.SZ,湖南红宇耐磨新材料股份有限公司
300346.SZ,江苏南大光电材料股份有限公司
300347.SZ,杭州泰格医药科技股份有限公司
300348.SZ,深圳市长亮科技股份有限公司
300349.SZ,金卡智能集团股份有限公司
300350.SZ,华鹏飞股份有限公司
300351.SZ,浙江永贵电器股份有限公司
300352.SZ,北京北信源软件股份有限公司
300353.SZ,北京东土科技股份有限公司
300354.SZ,江苏东华测试技术股份有限公司
300355.SZ,内蒙古蒙草生态环境(集团)股份有限公司
300356.SZ,光一科技股份有限公司
300357.SZ,浙江我武生物科技股份有限公司
300358.SZ,楚天科技股份有限公司
300359.SZ,全通教育集团(广东)股份有限公司
300360.SZ,杭州炬华科技股份有限公司
300362.SZ,成都天翔环境股份有限公司
300363.SZ,重庆博腾制药科技股份有限公司
300364.SZ,中文在线数字出版集团股份有限公司
300365.SZ,北京恒华伟业科技股份有限公司
300366.SZ,四川创意信息技术股份有限公司
300367.SZ,东方网力科技股份有限公司
300368.SZ,河北汇金机电股份有限公司
300369.SZ,北京神州绿盟信息安全科技股份有限公司
300370.SZ,北京安控科技股份有限公司
300371.SZ,汇中仪表股份有限公司
300373.SZ,扬州扬杰电子科技股份有限公司
300374.SZ,北京恒通创新赛木科技股份有限公司
300375.SZ,天津鹏翎集团股份有限公司
300376.SZ,易事特集团股份有限公司
300377.SZ,深圳市赢时胜信息技术股份有限公司
300378.SZ,鼎捷软件股份有限公司
300379.SZ,北京东方通科技股份有限公司
300380.SZ,上海安硕信息技术股份有限公司
300381.SZ,广东溢多利生物科技股份有限公司
300382.SZ,苏州斯莱克精密设备股份有限公司
300383.SZ,北京光环新网科技股份有限公司
300384.SZ,北京三联虹普新合纤技术服务股份有限公司
300385.SZ,无锡雪浪环境科技股份有限公司
300386.SZ,飞天诚信科技股份有限公司
300387.SZ,湖北富邦科技股份有限公司
300388.SZ,安徽国祯环保节能科技股份有限公司
300389.SZ,深圳市艾比森光电股份有限公司
300390.SZ,苏州天华超净科技股份有限公司
300391.SZ,康跃科技股份有限公司
300392.SZ,北京腾信创新网络营销技术股份有限公司
300393.SZ,苏州中来光伏新材股份有限公司
300394.SZ,苏州天孚光通信股份有限公司
300395.SZ,湖北菲利华石英玻璃股份有限公司
300396.SZ,迪瑞医疗科技股份有限公司
300397.SZ,西安天和防务技术股份有限公司
300398.SZ,上海飞凯光电材料股份有限公司
300399.SZ,北京无线天利移动信息技术股份有限公司
300400.SZ,深圳市劲拓自动化设备股份有限公司
300401.SZ,浙江花园生物高科股份有限公司
300402.SZ,南京宝色股份公司
300403.SZ,江门市地尔汉宇电器股份有限公司
300404.SZ,广州博济医药生物技术股份有限公司
300405.SZ,辽宁科隆精细化工股份有限公司
300406.SZ,北京九强生物技术股份有限公司
300407.SZ,天津凯发电气股份有限公司
300408.SZ,潮州三环(集团)股份有限公司
300409.SZ,广东道氏技术股份有限公司
300410.SZ,广东正业科技股份有限公司
300411.SZ,浙江金盾风机股份有限公司
300412.SZ,浙江迦南科技股份有限公司
300413.SZ,芒果超媒股份有限公司
300414.SZ,四川中光防雷科技股份有限公司
300415.SZ,广东伊之密精密机械股份有限公司
300416.SZ,苏州苏试试验集团股份有限公司
300417.SZ,佛山市南华仪器股份有限公司
300418.SZ,北京昆仑万维科技股份有限公司
300419.SZ,北京浩丰创源科技股份有限公司
300420.SZ,江苏五洋停车产业集团股份有限公司
300421.SZ,江苏力星通用钢球股份有限公司
300422.SZ,广西博世科环保科技股份有限公司
300423.SZ,山东鲁亿通智能电气股份有限公司
300424.SZ,广州航新航空科技股份有限公司
300425.SZ,环能科技股份有限公司
300426.SZ,浙江唐德影视股份有限公司
300427.SZ,红相股份有限公司
300428.SZ,河北四通新型金属材料股份有限公司
300429.SZ,常州强力电子新材料股份有限公司
300430.SZ,北京诚益通控制工程科技股份有限公司
300431.SZ,暴风集团股份有限公司
300432.SZ,绵阳富临精工机械股份有限公司
300433.SZ,蓝思科技股份有限公司
300434.SZ,四川金石东方新材料设备股份有限公司
300435.SZ,杭州中泰深冷技术股份有限公司
300436.SZ,福建广生堂药业股份有限公司
300437.SZ,河南清水源科技股份有限公司
300438.SZ,广州鹏辉能源科技股份有限公司
300439.SZ,美康生物科技股份有限公司
300440.SZ,成都运达科技股份有限公司
300441.SZ,宁波鲍斯能源装备股份有限公司
300442.SZ,上海普丽盛包装股份有限公司
300443.SZ,山东莱芜金雷风电科技股份有限公司
300444.SZ,北京双杰电气股份有限公司
300445.SZ,北京康斯特仪表科技股份有限公司
300446.SZ,保定乐凯新材料股份有限公司
300447.SZ,南京全信传输科技股份有限公司
300448.SZ,浩云科技股份有限公司
300449.SZ,北京汉邦高科数字技术股份有限公司
300450.SZ,无锡先导智能装备股份有限公司
300451.SZ,创业软件股份有限公司
300452.SZ,安徽山河药用辅料股份有限公司
300453.SZ,江西三鑫医疗科技股份有限公司
300454.SZ,深信服科技股份有限公司
300455.SZ,北京康拓红外技术股份有限公司
300456.SZ,北京耐威科技股份有限公司
300457.SZ,深圳市赢合科技股份有限公司
300458.SZ,珠海全志科技股份有限公司
300459.SZ,浙江金科文化产业股份有限公司
300460.SZ,广东惠伦晶体科技股份有限公司
300461.SZ,浙江田中精机股份有限公司
300462.SZ,上海华铭智能终端设备股份有限公司
300463.SZ,迈克生物股份有限公司
300464.SZ,广东星徽精密制造股份有限公司
300465.SZ,高伟达软件股份有限公司
300466.SZ,赛摩电气股份有限公司
300467.SZ,四川迅游网络科技股份有限公司
300468.SZ,深圳四方精创资讯股份有限公司
300469.SZ,上海中信信息发展股份有限公司
300470.SZ,四川日机密封件股份有限公司
300471.SZ,成都华气厚普机电设备股份有限公司
300472.SZ,北京万向新元科技股份有限公司
300473.SZ,阜新德尔汽车部件股份有限公司
300474.SZ,长沙景嘉微电子股份有限公司
300475.SZ,安徽聚隆传动科技股份有限公司
300476.SZ,胜宏科技(惠州)股份有限公司
300477.SZ,北京合纵科技股份有限公司
300478.SZ,杭州高新橡塑材料股份有限公司
300479.SZ,神思电子技术股份有限公司
300480.SZ,光力科技股份有限公司
300481.SZ,濮阳惠成电子材料股份有限公司
300482.SZ,广州万孚生物技术股份有限公司
300483.SZ,上海沃施园艺股份有限公司
300484.SZ,深圳市蓝海华腾技术股份有限公司
300485.SZ,北京赛升药业股份有限公司
300486.SZ,山西东杰智能物流装备股份有限公司
300487.SZ,西安蓝晓科技新材料股份有限公司
300488.SZ,恒锋工具股份有限公司
300489.SZ,哈尔滨中飞新技术股份有限公司
300490.SZ,华自科技股份有限公司
300491.SZ,石家庄通合电子科技股份有限公司
300492.SZ,山鼎设计股份有限公司
300493.SZ,上海润欣科技股份有限公司
300494.SZ,湖北盛天网络技术股份有限公司
300495.SZ,美尚生态景观股份有限公司
300496.SZ,中科创达软件股份有限公司
300497.SZ,江西富祥药业股份有限公司
300498.SZ,温氏食品集团股份有限公司
300499.SZ,广州高澜节能技术股份有限公司
300500.SZ,启迪设计集团股份有限公司
300501.SZ,上海海顺新型药用包装材料股份有限公司
300502.SZ,成都新易盛通信技术股份有限公司
300503.SZ,广州市昊志机电股份有限公司
300504.SZ,四川天邑康和通信股份有限公司
300505.SZ,昆明川金诺化工股份有限公司
300506.SZ,深圳市名家汇科技股份有限公司
300507.SZ,江苏奥力威传感高科股份有限公司
300508.SZ,上海维宏电子科技股份有限公司
300509.SZ,江苏新美星包装机械股份有限公司
300510.SZ,吉林省金冠电气股份有限公司
300511.SZ,上海雪榕生物科技股份有限公司
300512.SZ,杭州中亚机械股份有限公司
300513.SZ,北京恒泰实达科技股份有限公司
300514.SZ,深圳友讯达科技股份有限公司
300515.SZ,湖南三德科技股份有限公司
300516.SZ,湖北久之洋红外系统股份有限公司
300517.SZ,海波重型工程科技股份有限公司
300518.SZ,深圳市盛讯达科技股份有限公司
300519.SZ,浙江新光药业股份有限公司
300520.SZ,科大国创软件股份有限公司
300521.SZ,爱司凯科技股份有限公司
300522.SZ,苏州世名科技股份有限公司
300523.SZ,北京辰安科技股份有限公司
300525.SZ,福建博思软件股份有限公司
300526.SZ,中潜股份有限公司
300527.SZ,中国船舶重工集团应急预警与救援装备股份有限公司
300528.SZ,幸福蓝海影视文化集团股份有限公司
300529.SZ,健帆生物科技集团股份有限公司
300530.SZ,广东达志环保科技股份有限公司
300531.SZ,深圳市优博讯科技股份有限公司
300532.SZ,深圳市今天国际物流技术股份有限公司
300533.SZ,深圳冰川网络股份有限公司
300534.SZ,甘肃陇神戎发药业股份有限公司
300535.SZ,四川达威科技股份有限公司
300536.SZ,武汉农尚环境股份有限公司
300537.SZ,江苏广信感光新材料股份有限公司
300538.SZ,深圳市同益实业股份有限公司
300539.SZ,宁波横河模具股份有限公司
300540.SZ,成都深冷液化设备股份有限公司
300541.SZ,北京先进数通信息技术股份公司
300542.SZ,新晨科技股份有限公司
300543.SZ,深圳市朗科智能电气股份有限公司
300545.SZ,深圳市联得自动化装备股份有限公司
300546.SZ,深圳市雄帝科技股份有限公司
300547.SZ,四川川环科技股份有限公司
300548.SZ,博创科技股份有限公司
300549.SZ,优德精密工业(昆山)股份有限公司
300550.SZ,浙江和仁科技股份有限公司
300551.SZ,上海古鳌电子科技股份有限公司
300552.SZ,北京万集科技股份有限公司
300553.SZ,杭州集智机电股份有限公司
300554.SZ,南京三超新材料股份有限公司
300555.SZ,无锡路通视信网络股份有限公司
300556.SZ,丝路视觉科技股份有限公司
300557.SZ,武汉理工光科股份有限公司
300558.SZ,贝达药业股份有限公司
300559.SZ,成都佳发安泰教育科技股份有限公司
300560.SZ,中富通集团股份有限公司
300561.SZ,珠海汇金科技股份有限公司
300562.SZ,广东乐心医疗电子股份有限公司
300563.SZ,神宇通信科技股份公司
300565.SZ,深圳市科信通信技术股份有限公司
300566.SZ,宁波激智科技股份有限公司
300567.SZ,武汉精测电子集团股份有限公司
300568.SZ,深圳市星源材质科技股份有限公司
300569.SZ,青岛天能重工股份有限公司
300570.SZ,深圳太辰光通信股份有限公司
300571.SZ,杭州平治信息技术股份有限公司
300572.SZ,深圳市安车检测股份有限公司
300573.SZ,沈阳兴齐眼药股份有限公司
300575.SZ,江苏中旗科技股份有限公司
300576.SZ,深圳市容大感光科技股份有限公司
300577.SZ,安徽开润股份有限公司
300578.SZ,上海会畅通讯股份有限公司
300579.SZ,北京数字认证股份有限公司
300580.SZ,无锡贝斯特精机股份有限公司
300581.SZ,西安晨曦航空科技股份有限公司
300582.SZ,英飞特电子(杭州)股份有限公司
300583.SZ,山东赛托生物科技股份有限公司
300584.SZ,南京海辰药业股份有限公司
300585.SZ,南京奥联汽车电子电器股份有限公司
300586.SZ,广东美联新材料股份有限公司
300587.SZ,浙江天铁实业股份有限公司
300588.SZ,新疆熙菱信息技术股份有限公司
300589.SZ,江龙船艇科技股份有限公司
300590.SZ,上海移为通信技术股份有限公司
300591.SZ,广东万里马实业股份有限公司
300592.SZ,湖南华凯文化创意股份有限公司
300593.SZ,北京新雷能科技股份有限公司
300595.SZ,欧普康视科技股份有限公司
300596.SZ,天津利安隆新材料股份有限公司
300597.SZ,吉林吉大通信设计院股份有限公司
300598.SZ,诚迈科技(南京)股份有限公司
300599.SZ,广东雄塑科技集团股份有限公司
300600.SZ,常熟瑞特电气股份有限公司
300601.SZ,深圳康泰生物制品股份有限公司
300602.SZ,深圳市飞荣达科技股份有限公司
300603.SZ,立昂技术股份有限公司
300604.SZ,杭州长川科技股份有限公司
300605.SZ,恒锋信息科技股份有限公司
300606.SZ,东莞金太阳研磨股份有限公司
300607.SZ,广东拓斯达科技股份有限公司
300608.SZ,北京思特奇信息技术股份有限公司
300609.SZ,汇纳科技股份有限公司
300610.SZ,扬州晨化新材料股份有限公司
300611.SZ,浙江美力科技股份有限公司
300612.SZ,宣亚国际品牌管理(北京)股份有限公司
300613.SZ,上海富瀚微电子股份有限公司
300615.SZ,深圳市欣天科技股份有限公司
300616.SZ,广州尚品宅配家居股份有限公司
300617.SZ,江苏安靠智能输电工程科技股份有限公司
300618.SZ,南京寒锐钴业股份有限公司
300619.SZ,佛山市金银河智能装备股份有限公司
300620.SZ,珠海光库科技股份有限公司
300621.SZ,深圳市维业装饰集团股份有限公司
300622.SZ,博士眼镜连锁股份有限公司
300623.SZ,江苏捷捷微电子股份有限公司
300624.SZ,万兴科技股份有限公司
300625.SZ,广东三雄极光照明股份有限公司
300626.SZ,华瑞电器股份有限公司
300627.SZ,上海华测导航技术股份有限公司
300628.SZ,厦门亿联网络技术股份有限公司
300629.SZ,广东新劲刚新材料科技股份有限公司
300630.SZ,海南普利制药股份有限公司
300631.SZ,江苏久吾高科技股份有限公司
300632.SZ,厦门光莆电子股份有限公司
300633.SZ,深圳开立生物医疗科技股份有限公司
300634.SZ,彩讯科技股份有限公司
300635.SZ,中达安股份有限公司
300636.SZ,江西同和药业股份有限公司
300637.SZ,浙江扬帆新材料股份有限公司
300638.SZ,深圳市广和通无线股份有限公司
300639.SZ,广东凯普生物科技股份有限公司
300640.SZ,德艺文化创意集团股份有限公司
300641.SZ,江苏正丹化学工业股份有限公司
300642.SZ,上海透景生命科技股份有限公司
300643.SZ,万通智控科技股份有限公司
300644.SZ,南京聚隆科技股份有限公司
300645.SZ,浙江正元智慧科技股份有限公司
300647.SZ,深圳市超频三科技股份有限公司
300648.SZ,福建星云电子股份有限公司
300649.SZ,杭州园林设计院股份有限公司
300650.SZ,太龙(福建)商业照明股份有限公司
300651.SZ,江苏金陵体育器材股份有限公司
300652.SZ,杭州雷迪克节能科技股份有限公司
300653.SZ,烟台正海生物科技股份有限公司
300654.SZ,世纪天鸿教育科技股份有限公司
300655.SZ,苏州晶瑞化学股份有限公司
300656.SZ,深圳市民德电子科技股份有限公司
300657.SZ,厦门弘信电子科技股份有限公司
300658.SZ,厦门延江新材料股份有限公司
300659.SZ,中孚信息股份有限公司
300660.SZ,江苏雷利电机股份有限公司
300661.SZ,圣邦微电子(北京)股份有限公司
300662.SZ,北京科锐国际人力资源股份有限公司
300663.SZ,北京科蓝软件系统股份有限公司
300664.SZ,鹏鹞环保股份有限公司
300665.SZ,株洲飞鹿高新材料技术股份有限公司
300666.SZ,宁波江丰电子材料股份有限公司
300667.SZ,北京必创科技股份有限公司
300668.SZ,深圳市杰恩创意设计股份有限公司
300669.SZ,杭州沪宁电梯部件股份有限公司
300670.SZ,江苏大烨智能电气股份有限公司
300671.SZ,深圳市富满电子集团股份有限公司
300672.SZ,湖南国科微电子股份有限公司
300673.SZ,佩蒂动物营养科技股份有限公司
300674.SZ,北京宇信科技集团股份有限公司
300675.SZ,深圳市建筑科学研究院股份有限公司
300676.SZ,深圳华大基因股份有限公司
300677.SZ,山东英科医疗用品股份有限公司
300678.SZ,中科院成都信息技术股份有限公司
300679.SZ,电连技术股份有限公司
300680.SZ,无锡隆盛科技股份有限公司
300681.SZ,珠海英搏尔电气股份有限公司
300682.SZ,朗新科技股份有限公司
300683.SZ,武汉海特生物制药股份有限公司
300684.SZ,北京中石伟业科技股份有限公司
300685.SZ,厦门艾德生物医药科技股份有限公司
300686.SZ,深圳市智动力精密技术股份有限公司
300687.SZ,广州赛意信息科技股份有限公司
300688.SZ,创业黑马(北京)科技股份有限公司
300689.SZ,深圳市澄天伟业科技股份有限公司
300690.SZ,山东双一科技股份有限公司
300691.SZ,中山联合光电科技股份有限公司
300692.SZ,安徽中环环保科技股份有限公司
300693.SZ,深圳市盛弘电气股份有限公司
300694.SZ,无锡蠡湖增压技术股份有限公司
300695.SZ,浙江兆丰机电股份有限公司
300696.SZ,成都爱乐达航空制造股份有限公司
300697.SZ,江阴电工合金股份有限公司
300698.SZ,万马科技股份有限公司
300699.SZ,威海光威复合材料股份有限公司
300700.SZ,长沙岱勒新材料科技股份有限公司
300701.SZ,森霸传感科技股份有限公司
300702.SZ,浙江天宇药业股份有限公司
300703.SZ,宁波创源文化发展股份有限公司
300705.SZ,湖南九典制药股份有限公司
300706.SZ,福建阿石创新材料股份有限公司
300707.SZ,无锡威唐工业技术股份有限公司
300708.SZ,聚灿光电科技股份有限公司
300709.SZ,江苏精研科技股份有限公司
300710.SZ,杭州万隆光电设备股份有限公司
300711.SZ,广州广哈通信股份有限公司
300712.SZ,福建永福电力设计股份有限公司
300713.SZ,深圳市英可瑞科技股份有限公司
300715.SZ,江苏凯伦建材股份有限公司
300716.SZ,广东国立科技股份有限公司
300717.SZ,江苏华信新材料股份有限公司
300718.SZ,浙江长盛滑动轴承股份有限公司
300719.SZ,北京安达维尔科技股份有限公司
300720.SZ,广东海川智能机器股份有限公司
300721.SZ,江苏怡达化学股份有限公司
300722.SZ,江西新余国科科技股份有限公司
300723.SZ,一品红药业股份有限公司
300724.SZ,深圳市捷佳伟创新能源装备股份有限公司
300725.SZ,南京药石科技股份有限公司
300726.SZ,株洲宏达电子股份有限公司
300727.SZ,宁波润禾高新材料科技股份有限公司
300729.SZ,乐歌人体工学科技股份有限公司
300730.SZ,湖南科创信息技术股份有限公司
300731.SZ,深圳科创新源新材料股份有限公司
300732.SZ,河南省交通规划设计研究院股份有限公司
300733.SZ,成都西菱动力科技股份有限公司
300735.SZ,惠州光弘科技股份有限公司
300736.SZ,北京百华悦邦科技股份有限公司
300737.SZ,科顺防水科技股份有限公司
300738.SZ,广东奥飞数据科技股份有限公司
300739.SZ,深圳明阳电路科技股份有限公司
300740.SZ,御家汇股份有限公司
300741.SZ,华宝香精股份有限公司
300742.SZ,南京越博动力系统股份有限公司
300743.SZ,杭州天地数码科技股份有限公司
300745.SZ,深圳欣锐科技股份有限公司
300746.SZ,汉嘉设计集团股份有限公司
300747.SZ,武汉锐科光纤激光技术股份有限公司
300748.SZ,江西金力永磁科技股份有限公司
300749.SZ,广东顶固集创家居股份有限公司
300750.SZ,宁德时代新能源科技股份有限公司
300751.SZ,苏州迈为科技股份有限公司
300752.SZ,深圳市隆利科技股份有限公司
300760.SZ,深圳迈瑞生物医疗电子股份有限公司
600000.SH,上海浦东发展银行股份有限公司
600004.SH,广州白云国际机场股份有限公司
600006.SH,东风汽车股份有限公司
600007.SH,中国国际贸易中心股份有限公司
600008.SH,北京首创股份有限公司
600009.SH,上海国际机场股份有限公司
600010.SH,内蒙古包钢钢联股份有限公司
600011.SH,华能国际电力股份有限公司
600012.SH,安徽皖通高速公路股份有限公司
600015.SH,华夏银行股份有限公司
600016.SH,中国民生银行股份有限公司
600017.SH,日照港股份有限公司
600018.SH,上海国际港务(集团)股份有限公司
600019.SH,宝山钢铁股份有限公司
600020.SH,河南中原高速公路股份有限公司
600021.SH,上海电力股份有限公司
600022.SH,山东钢铁股份有限公司
600023.SH,浙江浙能电力股份有限公司
600025.SH,华能澜沧江水电股份有限公司
600026.SH,中远海运能源运输股份有限公司
600027.SH,华电国际电力股份有限公司
600028.SH,中国石油化工股份有限公司
600029.SH,中国南方航空股份有限公司
600030.SH,中信证券股份有限公司
600031.SH,三一重工股份有限公司
600033.SH,福建发展高速公路股份有限公司
600035.SH,湖北楚天智能交通股份有限公司
600036.SH,招商银行股份有限公司
600037.SH,北京歌华有线电视网络股份有限公司
600038.SH,中航直升机股份有限公司
600039.SH,四川路桥建设集团股份有限公司
600048.SH,保利发展控股集团股份有限公司
600050.SH,中国联合网络通信股份有限公司
600051.SH,宁波联合集团股份有限公司
600052.SH,浙江广厦股份有限公司
600053.SH,昆吾九鼎投资控股股份有限公司
600054.SH,黄山旅游发展股份有限公司
600055.SH,北京万东医疗科技股份有限公司
600056.SH,中国医药健康产业股份有限公司
600057.SH,厦门象屿股份有限公司
600058.SH,五矿发展股份有限公司
600059.SH,浙江古越龙山绍兴酒股份有限公司
600060.SH,青岛海信电器股份有限公司
600061.SH,国投资本股份有限公司
600062.SH,华润双鹤药业股份有限公司
600063.SH,安徽皖维高新材料股份有限公司
600064.SH,南京高科股份有限公司
600066.SH,郑州宇通客车股份有限公司
600067.SH,冠城大通股份有限公司
600068.SH,中国葛洲坝集团股份有限公司
600069.SH,河南银鸽实业投资股份有限公司
600070.SH,浙江富润股份有限公司
600071.SH,凤凰光学股份有限公司
600072.SH,中船科技股份有限公司
600073.SH,上海梅林正广和股份有限公司
600074.SH,江苏保千里视像科技集团股份有限公司
600075.SH,新疆天业股份有限公司
600076.SH,康欣新材料股份有限公司
600077.SH,宋都基业投资股份有限公司
600078.SH,江苏澄星磷化工股份有限公司
600079.SH,人福医药集团股份公司
600080.SH,金花企业(集团)股份有限公司
600081.SH,东风电子科技股份有限公司
600082.SH,天津海泰科技发展股份有限公司
600083.SH,江苏博信投资控股股份有限公司
600084.SH,中信国安葡萄酒业股份有限公司
600085.SH,北京同仁堂股份有限公司
600086.SH,东方金钰股份有限公司
600088.SH,中视传媒股份有限公司
600089.SH,特变电工股份有限公司
600090.SH,新疆同济堂健康产业股份有限公司
600091.SH,包头明天科技股份有限公司
600093.SH,易见供应链管理股份有限公司
600094.SH,上海大名城企业股份有限公司
600095.SH,哈尔滨高科技(集团)股份有限公司
600096.SH,云南云天化股份有限公司
600097.SH,上海开创国际海洋资源股份有限公司
600098.SH,广州发展集团股份有限公司
600099.SH,林海股份有限公司
600100.SH,同方股份有限公司
600101.SH,四川明星电力股份有限公司
600103.SH,福建省青山纸业股份有限公司
600104.SH,上海汽车集团股份有限公司
600105.SH,江苏永鼎股份有限公司
600106.SH,重庆路桥股份有限公司
600107.SH,湖北美尔雅股份有限公司
600108.SH,甘肃亚盛实业(集团)股份有限公司
600109.SH,国金证券股份有限公司
600110.SH,诺德投资股份有限公司
600111.SH,中国北方稀土(集团)高科技股份有限公司
600112.SH,贵州长征天成控股股份有限公司
600113.SH,浙江东日股份有限公司
600114.SH,东睦新材料集团股份有限公司
600115.SH,中国东方航空股份有限公司
600116.SH,重庆三峡水利电力(集团)股份有限公司
600117.SH,西宁特殊钢股份有限公司
600118.SH,中国东方红卫星股份有限公司
600119.SH,长发集团长江投资实业股份有限公司
600120.SH,浙江东方金融控股集团股份有限公司
600121.SH,郑州煤电股份有限公司
600122.SH,江苏宏图高科技股份有限公司
600123.SH,山西兰花科技创业股份有限公司
600125.SH,中铁铁龙集装箱物流股份有限公司
600126.SH,杭州钢铁股份有限公司
600127.SH,金健米业股份有限公司
600128.SH,江苏弘业股份有限公司
600129.SH,重庆太极实业(集团)股份有限公司
600130.SH,宁波波导股份有限公司
600131.SH,四川岷江水利电力股份有限公司
600132.SH,重庆啤酒股份有限公司
600133.SH,武汉东湖高新集团股份有限公司
600135.SH,乐凯胶片股份有限公司
600136.SH,武汉当代明诚文化股份有限公司
600137.SH,四川浪莎控股股份有限公司
600138.SH,中青旅控股股份有限公司
600139.SH,四川西部资源控股股份有限公司
600141.SH,湖北兴发化工集团股份有限公司
600143.SH,金发科技股份有限公司
600145.SH,新疆亿路万源实业投资控股股份有限公司
600146.SH,商赢环球股份有限公司
600148.SH,长春一东离合器股份有限公司
600149.SH,廊坊发展股份有限公司
600150.SH,中国船舶工业股份有限公司
600151.SH,上海航天汽车机电股份有限公司
600152.SH,维科技术股份有限公司
600153.SH,厦门建发股份有限公司
600155.SH,华创阳安股份有限公司
600156.SH,湖南华升股份有限公司
600157.SH,永泰能源股份有限公司
600158.SH,中体产业集团股份有限公司
600159.SH,北京市大龙伟业房地产开发股份有限公司
600160.SH,浙江巨化股份有限公司
600161.SH,北京天坛生物制品股份有限公司
600162.SH,深圳香江控股股份有限公司
600163.SH,中闽能源股份有限公司
600165.SH,宁夏新日恒力钢丝绳股份有限公司
600166.SH,北汽福田汽车股份有限公司
600167.SH,联美量子股份有限公司
600168.SH,武汉三镇实业控股股份有限公司
600169.SH,太原重工股份有限公司
600170.SH,上海建工集团股份有限公司
600171.SH,上海贝岭股份有限公司
600172.SH,河南黄河旋风股份有限公司
600173.SH,卧龙地产集团股份有限公司
600175.SH,美都能源股份有限公司
600176.SH,中国巨石股份有限公司
600177.SH,雅戈尔集团股份有限公司
600178.SH,哈尔滨东安汽车动力股份有限公司
600179.SH,安通控股股份有限公司
600180.SH,瑞茂通供应链管理股份有限公司
600182.SH,佳通轮胎股份有限公司
600183.SH,广东生益科技股份有限公司
600184.SH,北方光电股份有限公司
600185.SH,格力地产股份有限公司
600186.SH,莲花健康产业集团股份有限公司
600187.SH,黑龙江国中水务股份有限公司
600188.SH,兖州煤业股份有限公司
600189.SH,吉林森林工业股份有限公司
600190.SH,锦州港股份有限公司
600191.SH,包头华资实业股份有限公司
600192.SH,兰州长城电工股份有限公司
600193.SH,上海创兴资源开发股份有限公司
600195.SH,中牧实业股份有限公司
600196.SH,上海复星医药(集团)股份有限公司
600197.SH,新疆伊力特实业股份有限公司
600198.SH,大唐电信科技股份有限公司
600199.SH,安徽金种子酒业股份有限公司
600200.SH,江苏吴中实业股份有限公司
600201.SH,金宇生物技术股份有限公司
600202.SH,哈尔滨空调股份有限公司
600203.SH,福建福日电子股份有限公司
600206.SH,有研新材料股份有限公司
600207.SH,河南安彩高科股份有限公司
600208.SH,新湖中宝股份有限公司
600209.SH,罗顿发展股份有限公司
600210.SH,上海紫江企业集团股份有限公司
600211.SH,西藏诺迪康药业股份有限公司
600212.SH,山东江泉实业股份有限公司
600213.SH,扬州亚星客车股份有限公司
600215.SH,长春经开(集团)股份有限公司
600216.SH,浙江医药股份有限公司
600217.SH,中再资源环境股份有限公司
600218.SH,安徽全柴动力股份有限公司
600219.SH,山东南山铝业股份有限公司
600220.SH,江苏阳光股份有限公司
600221.SH,海南航空控股股份有限公司
600222.SH,河南太龙药业股份有限公司
600223.SH,鲁商置业股份有限公司
600225.SH,天津松江股份有限公司
600226.SH,浙江瀚叶股份有限公司
600227.SH,贵州圣济堂医药产业股份有限公司
600228.SH,江西昌九生物化工股份有限公司
600229.SH,青岛城市传媒股份有限公司
600230.SH,沧州大化股份有限公司
600231.SH,凌源钢铁股份有限公司
600232.SH,浙江金鹰股份有限公司
600233.SH,圆通速递股份有限公司
600234.SH,山西广和山水文化传播股份有限公司
600235.SH,民丰特种纸股份有限公司
600236.SH,广西桂冠电力股份有限公司
600237.SH,安徽铜峰电子股份有限公司
600238.SH,海南椰岛(集团)股份有限公司
600239.SH,云南城投置业股份有限公司
600240.SH,北京华业资本控股股份有限公司
600241.SH,辽宁时代万恒股份有限公司
600242.SH,中昌大数据股份有限公司
600243.SH,青海华鼎实业股份有限公司
600246.SH,北京万通地产股份有限公司
600247.SH,吉林成城集团股份有限公司
600248.SH,陕西延长石油化建股份有限公司
600249.SH,柳州两面针股份有限公司
600250.SH,南京纺织品进出口股份有限公司
600251.SH,新疆冠农果茸股份有限公司
600252.SH,广西梧州中恒集团股份有限公司
600255.SH,安徽梦舟实业股份有限公司
600256.SH,广汇能源股份有限公司
600257.SH,大湖水殖股份有限公司
600258.SH,北京首旅酒店(集团)股份有限公司
600259.SH,广晟有色金属股份有限公司
600260.SH,湖北凯乐科技股份有限公司
600261.SH,浙江阳光照明电器集团股份有限公司
600262.SH,内蒙古北方重型汽车股份有限公司
600265.SH,云南景谷林业股份有限公司
600266.SH,北京城建投资发展股份有限公司
600267.SH,浙江海正药业股份有限公司
600268.SH,国电南京自动化股份有限公司
600269.SH,江西赣粤高速公路股份有限公司
600270.SH,中外运空运发展股份有限公司
600271.SH,航天信息股份有限公司
600272.SH,上海开开实业股份有限公司
600273.SH,浙江嘉化能源化工股份有限公司
600275.SH,湖北武昌鱼股份有限公司
600276.SH,江苏恒瑞医药股份有限公司
600277.SH,亿利洁能股份有限公司
600278.SH,东方国际创业股份有限公司
600279.SH,重庆港九股份有限公司
600280.SH,南京中央商场(集团)股份有限公司
600281.SH,太原化工股份有限公司
600282.SH,南京钢铁股份有限公司
600283.SH,钱江水利开发股份有限公司
600284.SH,上海浦东路桥建设股份有限公司
600285.SH,河南羚锐制药股份有限公司
600287.SH,江苏舜天股份有限公司
600288.SH,大恒新纪元科技股份有限公司
600289.SH,亿阳信通股份有限公司
600290.SH,华仪电气股份有限公司
600291.SH,内蒙古西水创业股份有限公司
600292.SH,国家电投集团远达环保股份有限公司
600293.SH,湖北三峡新型建材股份有限公司
600295.SH,内蒙古鄂尔多斯资源股份有限公司
600297.SH,广汇汽车服务股份公司
600298.SH,安琪酵母股份有限公司
600299.SH,蓝星安迪苏股份有限公司
600300.SH,维维食品饮料股份有限公司
600301.SH,南宁化工股份有限公司
600302.SH,西安标准工业股份有限公司
600303.SH,辽宁曙光汽车集团股份有限公司
600305.SH,江苏恒顺醋业股份有限公司
600306.SH,沈阳商业城股份有限公司
600307.SH,甘肃酒钢集团宏兴钢铁股份有限公司
600308.SH,山东华泰纸业股份有限公司
600309.SH,万华化学集团股份有限公司
600310.SH,广西桂东电力股份有限公司
600311.SH,甘肃荣华实业(集团)股份有限公司
600312.SH,河南平高电气股份有限公司
600313.SH,中农发种业集团股份有限公司
600315.SH,上海家化联合股份有限公司
600316.SH,江西洪都航空工业股份有限公司
600317.SH,营口港务股份有限公司
600318.SH,安徽新力金融股份有限公司
600319.SH,潍坊亚星化学股份有限公司
600320.SH,上海振华重工(集团)股份有限公司
600321.SH,正源控股股份有限公司
600322.SH,天津市房地产发展(集团)股份有限公司
600323.SH,瀚蓝环境股份有限公司
600325.SH,珠海华发实业股份有限公司
600326.SH,西藏天路股份有限公司
600327.SH,无锡商业大厦大东方股份有限公司
600328.SH,内蒙古兰太实业股份有限公司
600329.SH,天津中新药业集团股份有限公司
600330.SH,天通控股股份有限公司
600331.SH,四川宏达股份有限公司
600332.SH,广州白云山医药集团股份有限公司
600333.SH,长春燃气股份有限公司
600335.SH,国机汽车股份有限公司
600336.SH,澳柯玛股份有限公司
600337.SH,美克国际家居用品股份有限公司
600338.SH,西藏珠峰资源股份有限公司
600339.SH,中国石油集团工程股份有限公司
600340.SH,华夏幸福基业股份有限公司
600343.SH,陕西航天动力高科技股份有限公司
600345.SH,武汉长江通信产业集团股份有限公司
600346.SH,恒力石化股份有限公司
600348.SH,阳泉煤业(集团)股份有限公司
600350.SH,山东高速股份有限公司
600351.SH,亚宝药业集团股份有限公司
600352.SH,浙江龙盛集团股份有限公司
600353.SH,成都旭光电子股份有限公司
600354.SH,甘肃省敦煌种业集团股份有限公司
600355.SH,精伦电子股份有限公司
600356.SH,牡丹江恒丰纸业股份有限公司
600358.SH,国旅联合股份有限公司
600359.SH,新疆塔里木农业综合开发股份有限公司
600360.SH,吉林华微电子股份有限公司
600361.SH,北京华联综合超市股份有限公司
600362.SH,江西铜业股份有限公司
600363.SH,江西联创光电科技股份有限公司
600365.SH,通化葡萄酒股份有限公司
600366.SH,宁波韵升股份有限公司
600367.SH,贵州红星发展股份有限公司
600368.SH,广西五洲交通股份有限公司
600369.SH,西南证券股份有限公司
600370.SH,江苏三房巷实业股份有限公司
600371.SH,万向德农股份有限公司
600372.SH,中航航空电子系统股份有限公司
600373.SH,中文天地出版传媒集团股份有限公司
600375.SH,华菱星马汽车(集团)股份有限公司
600376.SH,北京首都开发股份有限公司
600377.SH,江苏宁沪高速公路股份有限公司
600378.SH,四川天一科技股份有限公司
600379.SH,陕西宝光真空电器股份有限公司
600380.SH,健康元药业集团股份有限公司
600381.SH,青海春天药用资源科技股份有限公司
600382.SH,广东明珠集团股份有限公司
600383.SH,金地(集团)股份有限公司
600385.SH,山东金泰集团股份有限公司
600386.SH,北京巴士传媒股份有限公司
600387.SH,海越能源集团股份有限公司
600388.SH,福建龙净环保股份有限公司
600389.SH,南通江山农药化工股份有限公司
600390.SH,五矿资本股份有限公司
600391.SH,中国航发航空科技股份有限公司
600392.SH,盛和资源控股股份有限公司
600393.SH,广州粤泰集团股份有限公司
600395.SH,贵州盘江精煤股份有限公司
600396.SH,沈阳金山能源股份有限公司
600397.SH,安源煤业集团股份有限公司
600398.SH,海澜之家股份有限公司
600399.SH,抚顺特殊钢股份有限公司
600400.SH,江苏红豆实业股份有限公司
600401.SH,海润光伏科技股份有限公司
600403.SH,河南大有能源股份有限公司
600405.SH,北京动力源科技股份有限公司
600406.SH,国电南瑞科技股份有限公司
600408.SH,山西安泰集团股份有限公司
600409.SH,唐山三友化工股份有限公司
600410.SH,北京华胜天成科技股份有限公司
600415.SH,浙江中国小商品城集团股份有限公司
600416.SH,湘潭电机股份有限公司
600418.SH,安徽江淮汽车集团股份有限公司
600419.SH,新疆天润乳业股份有限公司
600420.SH,上海现代制药股份有限公司
600421.SH,湖北仰帆控股股份有限公司
600422.SH,昆药集团股份有限公司
600423.SH,柳州化工股份有限公司
600425.SH,新疆青松建材化工(集团)股份有限公司
600426.SH,山东华鲁恒升化工股份有限公司
600428.SH,中远海运特种运输股份有限公司
600429.SH,北京三元食品股份有限公司
600433.SH,广东冠豪高新技术股份有限公司
600435.SH,北方导航控制技术股份有限公司
600436.SH,漳州片仔癀药业股份有限公司
600438.SH,通威股份有限公司
600439.SH,河南瑞贝卡发制品股份有限公司
600444.SH,国机通用机械科技股份有限公司
600446.SH,深圳市金证科技股份有限公司
600448.SH,华纺股份有限公司
600449.SH,宁夏建材集团股份有限公司
600452.SH,重庆涪陵电力实业股份有限公司
600455.SH,西安博通资讯股份有限公司
600456.SH,宝鸡钛业股份有限公司
600458.SH,株洲时代新材料科技股份有限公司
600459.SH,贵研铂业股份有限公司
600460.SH,杭州士兰微电子股份有限公司
600461.SH,江西洪城水业股份有限公司
600462.SH,深圳九有股份有限公司
600463.SH,北京空港科技园区股份有限公司
600466.SH,四川蓝光发展股份有限公司
600467.SH,山东好当家海洋发展股份有限公司
600468.SH,天津百利特精电气股份有限公司
600469.SH,风神轮胎股份有限公司
600470.SH,安徽六国化工股份有限公司
600475.SH,无锡华光锅炉股份有限公司
600476.SH,湖南湘邮科技股份有限公司
600477.SH,杭萧钢构股份有限公司
600478.SH,湖南科力远新能源股份有限公司
600479.SH,株洲千金药业股份有限公司
600480.SH,凌云工业股份有限公司
600481.SH,双良节能系统股份有限公司
600482.SH,中国船舶重工集团动力股份有限公司
600483.SH,福建福能股份有限公司
600485.SH,北京信威科技集团股份有限公司
600486.SH,江苏扬农化工股份有限公司
600487.SH,江苏亨通光电股份有限公司
600488.SH,天津天药药业股份有限公司
600489.SH,中金黄金股份有限公司
600490.SH,鹏欣环球资源股份有限公司
600491.SH,龙元建设集团股份有限公司
600493.SH,福建凤竹纺织科技股份有限公司
600495.SH,晋西车轴股份有限公司
600496.SH,长江精工钢结构(集团)股份有限公司
600497.SH,云南驰宏锌锗股份有限公司
600498.SH,烽火通信科技股份有限公司
600499.SH,广东科达洁能股份有限公司
600500.SH,中化国际(控股)股份有限公司
600501.SH,航天晨光股份有限公司
600502.SH,安徽水利开发股份有限公司
600503.SH,华丽家族股份有限公司
600505.SH,四川西昌电力股份有限公司
600506.SH,新疆库尔勒香梨股份有限公司
600507.SH,方大特钢科技股份有限公司
600508.SH,上海大屯能源股份有限公司
600509.SH,新疆天富能源股份有限公司
600510.SH,黑牡丹(集团)股份有限公司
600511.SH,国药集团药业股份有限公司
600512.SH,腾达建设集团股份有限公司
600513.SH,江苏联环药业股份有限公司
600515.SH,海航基础设施投资集团股份有限公司
600516.SH,方大炭素新材料科技股份有限公司
600517.SH,上海置信电气股份有限公司
600518.SH,康美药业股份有限公司
600519.SH,贵州茅台酒股份有限公司
600520.SH,文一三佳科技股份有限公司
600521.SH,浙江华海药业股份有限公司
600522.SH,江苏中天科技股份有限公司
600523.SH,贵州贵航汽车零部件股份有限公司
600525.SH,长园集团股份有限公司
600526.SH,浙江菲达环保科技股份有限公司
600527.SH,江苏江南高纤股份有限公司
600528.SH,中铁高新工业股份有限公司
600529.SH,山东省药用玻璃股份有限公司
600530.SH,上海交大昂立股份有限公司
600531.SH,河南豫光金铅股份有限公司
600532.SH,上海宏达矿业股份有限公司
600533.SH,南京栖霞建设股份有限公司
600535.SH,天士力医药集团股份有限公司
600536.SH,中国软件与技术服务股份有限公司
600537.SH,亿晶光电科技股份有限公司
600538.SH,北海国发海洋生物产业股份有限公司
600539.SH,太原狮头水泥股份有限公司
600540.SH,新疆赛里木现代农业股份有限公司
600543.SH,甘肃莫高实业发展股份有限公司
600545.SH,卓郎智能技术股份有限公司
600546.SH,山煤国际能源集团股份有限公司
600547.SH,山东黄金矿业股份有限公司
600548.SH,深圳高速公路股份有限公司
600549.SH,厦门钨业股份有限公司
600550.SH,保定天威保变电气股份有限公司
600551.SH,时代出版传媒股份有限公司
600552.SH,凯盛科技股份有限公司
600555.SH,海航创新股份有限公司
600556.SH,广西慧金科技股份有限公司
600557.SH,江苏康缘药业股份有限公司
600558.SH,四川大西洋焊接材料股份有限公司
600559.SH,河北衡水老白干酒业股份有限公司
600560.SH,北京金自天正智能控制股份有限公司
600561.SH,江西长运股份有限公司
600562.SH,国睿科技股份有限公司
600563.SH,厦门法拉电子股份有限公司
600565.SH,重庆市迪马实业股份有限公司
600566.SH,湖北济川药业股份有限公司
600567.SH,山鹰国际控股股份公司
600568.SH,中珠医疗控股股份有限公司
600569.SH,安阳钢铁股份有限公司
600570.SH,恒生电子股份有限公司
600571.SH,信雅达系统工程股份有限公司
600572.SH,浙江康恩贝制药股份有限公司
600573.SH,福建省燕京惠泉啤酒股份有限公司
600575.SH,安徽皖江物流(集团)股份有限公司
600576.SH,浙江祥源文化股份有限公司
600577.SH,铜陵精达特种电磁线股份有限公司
600578.SH,北京京能电力股份有限公司
600579.SH,青岛天华院化学工程股份有限公司
600580.SH,卧龙电气集团股份有限公司
600581.SH,新疆八一钢铁股份有限公司
600582.SH,天地科技股份有限公司
600583.SH,海洋石油工程股份有限公司
600584.SH,江苏长电科技股份有限公司
600585.SH,安徽海螺水泥股份有限公司
600586.SH,山东金晶科技股份有限公司
600587.SH,山东新华医疗器械股份有限公司
600588.SH,用友网络科技股份有限公司
600589.SH,广东榕泰实业股份有限公司
600590.SH,泰豪科技股份有限公司
600592.SH,福建龙溪轴承(集团)股份有限公司
600593.SH,大连圣亚旅游控股股份有限公司
600594.SH,贵州益佰制药股份有限公司
600595.SH,河南中孚实业股份有限公司
600596.SH,浙江新安化工集团股份有限公司
600597.SH,光明乳业股份有限公司
600598.SH,黑龙江北大荒农业股份有限公司
600599.SH,熊猫金控股份有限公司
600600.SH,青岛啤酒股份有限公司
600601.SH,方正科技集团股份有限公司
600602.SH,云赛智联股份有限公司
600603.SH,广汇物流股份有限公司
600604.SH,上海市北高新股份有限公司
600605.SH,上海汇通能源股份有限公司
600606.SH,绿地控股集团股份有限公司
600608.SH,上海宽频科技股份有限公司
600609.SH,金杯汽车股份有限公司
600610.SH,上海中毅达股份有限公司
600611.SH,大众交通(集团)股份有限公司
600612.SH,老凤祥股份有限公司
600613.SH,上海神奇制药投资管理股份有限公司
600614.SH,鹏起科技发展股份有限公司
600615.SH,上海丰华(集团)股份有限公司
600616.SH,上海金枫酒业股份有限公司
600617.SH,山西省国新能源股份有限公司
600618.SH,上海氯碱化工股份有限公司
600619.SH,上海海立(集团)股份有限公司
600620.SH,上海市天宸股份有限公司
600621.SH,上海华鑫股份有限公司
600622.SH,光大嘉宝股份有限公司
600623.SH,上海华谊集团股份有限公司
600624.SH,上海复旦复华科技股份有限公司
600626.SH,上海申达股份有限公司
600628.SH,上海新世界股份有限公司
600629.SH,华东建筑集团股份有限公司
600630.SH,上海龙头(集团)股份有限公司
600633.SH,浙报数字文化集团股份有限公司
600634.SH,上海富控互动娱乐股份有限公司
600635.SH,上海大众公用事业(集团)股份有限公司
600636.SH,国新文化控股股份有限公司
600637.SH,东方明珠新媒体股份有限公司
600638.SH,上海新黄浦置业股份有限公司
600639.SH,上海金桥出口加工区开发股份有限公司
600640.SH,号百控股股份有限公司
600641.SH,上海万业企业股份有限公司
600642.SH,申能股份有限公司
600643.SH,上海爱建集团股份有限公司
600644.SH,乐山电力股份有限公司
600645.SH,中源协和细胞基因工程股份有限公司
600647.SH,上海同达创业投资股份有限公司
600648.SH,上海外高桥集团股份有限公司
600649.SH,上海城投控股股份有限公司
600650.SH,上海锦江国际实业投资股份有限公司
600651.SH,上海飞乐音响股份有限公司
600652.SH,上海游久游戏股份有限公司
600653.SH,上海申华控股股份有限公司
600654.SH,中安科股份有限公司
600655.SH,上海豫园旅游商城股份有限公司
600657.SH,信达地产股份有限公司
600658.SH,北京电子城投资开发集团股份有限公司
600660.SH,福耀玻璃工业集团股份有限公司
600661.SH,上海新南洋昂立教育科技股份有限公司
600662.SH,上海强生控股股份有限公司
600663.SH,上海陆家嘴金融贸易区开发股份有限公司
600664.SH,哈药集团股份有限公司
600665.SH,天地源股份有限公司
600666.SH,奥瑞德光电股份有限公司
600667.SH,无锡市太极实业股份有限公司
600668.SH,浙江尖峰集团股份有限公司
600671.SH,杭州天目山药业股份有限公司
600673.SH,广东东阳光科技控股股份有限公司
600674.SH,四川川投能源股份有限公司
600675.SH,中华企业股份有限公司
600676.SH,上海交运集团股份有限公司
600677.SH,航天通信控股集团股份有限公司
600678.SH,四川金顶(集团)股份有限公司
600679.SH,上海凤凰企业(集团)股份有限公司
600680.SH,上海普天邮通科技股份有限公司
600681.SH,百川能源股份有限公司
600682.SH,南京新街口百货商店股份有限公司
600683.SH,京投发展股份有限公司
600684.SH,广州珠江实业开发股份有限公司
600685.SH,中船海洋与防务装备股份有限公司
600686.SH,厦门金龙汽车集团股份有限公司
600687.SH,甘肃刚泰控股(集团)股份有限公司
600688.SH,中国石化上海石油化工股份有限公司
600689.SH,上海三毛企业(集团)股份有限公司
600690.SH,青岛海尔股份有限公司
600691.SH,阳煤化工股份有限公司
600692.SH,上海亚通股份有限公司
600693.SH,福建东百集团股份有限公司
600694.SH,大商股份有限公司
600695.SH,上海绿庭投资控股集团股份有限公司
600696.SH,上海岩石企业发展股份有限公司
600697.SH,长春欧亚集团股份有限公司
600698.SH,湖南天雁机械股份有限公司
600699.SH,宁波均胜电子股份有限公司
600701.SH,哈尔滨工大高新技术产业开发股份有限公司
600702.SH,舍得酒业股份有限公司
600703.SH,三安光电股份有限公司
600704.SH,物产中大集团股份有限公司
600705.SH,中航资本控股股份有限公司
600706.SH,西安曲江文化旅游股份有限公司
600707.SH,彩虹显示器件股份有限公司
600708.SH,光明房地产集团股份有限公司
600710.SH,苏美达股份有限公司
600711.SH,盛屯矿业集团股份有限公司
600712.SH,南宁百货大楼股份有限公司
600713.SH,南京医药股份有限公司
600714.SH,青海金瑞矿业发展股份有限公司
600715.SH,文投控股股份有限公司
600716.SH,江苏凤凰置业投资股份有限公司
600717.SH,天津港股份有限公司
600718.SH,东软集团股份有限公司
600719.SH,大连热电股份有限公司
600720.SH,甘肃祁连山水泥集团股份有限公司
600721.SH,新疆百花村股份有限公司
600722.SH,河北金牛化工股份有限公司
600723.SH,北京首商集团股份有限公司
600724.SH,宁波富达股份有限公司
600725.SH,云南云维股份有限公司
600726.SH,华电能源股份有限公司
600727.SH,山东鲁北化工股份有限公司
600728.SH,佳都新太科技股份有限公司
600729.SH,重庆百货大楼股份有限公司
600730.SH,中国高科集团股份有限公司
600731.SH,湖南海利化工股份有限公司
600732.SH,上海新梅置业股份有限公司
600733.SH,北汽蓝谷新能源科技股份有限公司
600734.SH,福建实达集团股份有限公司
600735.SH,山东新华锦国际股份有限公司
600736.SH,苏州新区高新技术产业股份有限公司
600737.SH,中粮屯河糖业股份有限公司
600738.SH,兰州民百(集团)股份有限公司
600739.SH,辽宁成大股份有限公司
600740.SH,山西焦化股份有限公司
600741.SH,华域汽车系统股份有限公司
600742.SH,长春一汽富维汽车零部件股份有限公司
600743.SH,华远地产股份有限公司
600744.SH,大唐华银电力股份有限公司
600745.SH,闻泰科技股份有限公司
600746.SH,江苏索普化工股份有限公司
600747.SH,大连大福控股股份有限公司
600748.SH,上海实业发展股份有限公司
600749.SH,西藏旅游股份有限公司
600750.SH,江中药业股份有限公司
600751.SH,海航科技股份有限公司
600753.SH,河南东方银星投资股份有限公司
600754.SH,上海锦江国际酒店发展股份有限公司
600755.SH,厦门国贸集团股份有限公司
600756.SH,浪潮软件股份有限公司
600757.SH,长江出版传媒股份有限公司
600758.SH,辽宁红阳能源投资股份有限公司
600759.SH,洲际油气股份有限公司
600760.SH,中航沈飞股份有限公司
600761.SH,安徽合力股份有限公司
600763.SH,通策医疗投资股份有限公司
600764.SH,中国船舶重工集团海洋防务与信息对抗股份有限公司
600765.SH,中航重机股份有限公司
600766.SH,烟台园城黄金股份有限公司
600767.SH,运盛(上海)医疗科技股份有限公司
600768.SH,宁波富邦精业集团股份有限公司
600769.SH,武汉祥龙电业股份有限公司
600770.SH,江苏综艺股份有限公司
600771.SH,广誉远中药股份有限公司
600773.SH,西藏城市发展投资股份有限公司
600774.SH,武汉市汉商集团股份有限公司
600775.SH,南京熊猫电子股份有限公司
600776.SH,东方通信股份有限公司
600777.SH,山东新潮能源股份有限公司
600778.SH,新疆友好(集团)股份有限公司
600779.SH,四川水井坊股份有限公司
600780.SH,山西通宝能源股份有限公司
600781.SH,辅仁药业集团制药股份有限公司
600782.SH,新余钢铁股份有限公司
600783.SH,鲁信创业投资集团股份有限公司
600784.SH,鲁银投资集团股份有限公司
600785.SH,银川新华百货商业集团股份有限公司
600787.SH,中储发展股份有限公司
600789.SH,山东鲁抗医药股份有限公司
600790.SH,浙江中国轻纺城集团股份有限公司
600791.SH,京能置业股份有限公司
600792.SH,云南煤业能源股份有限公司
600793.SH,宜宾纸业股份有限公司
600794.SH,张家港保税科技(集团)股份有限公司
600795.SH,国电电力发展股份有限公司
600796.SH,浙江钱江生物化学股份有限公司
600797.SH,浙大网新科技股份有限公司
600798.SH,宁波海运股份有限公司
600800.SH,天津环球磁卡股份有限公司
600801.SH,华新水泥股份有限公司
600802.SH,福建水泥股份有限公司
600803.SH,新奥生态控股股份有限公司
600804.SH,鹏博士电信传媒集团股份有限公司
600805.SH,江苏悦达投资股份有限公司
600807.SH,山东天业恒基股份有限公司
600808.SH,马鞍山钢铁股份有限公司
600809.SH,山西杏花村汾酒厂股份有限公司
600810.SH,神马实业股份有限公司
600811.SH,东方集团股份有限公司
600812.SH,华北制药股份有限公司
600814.SH,杭州解百集团股份有限公司
600815.SH,厦门厦工机械股份有限公司
600816.SH,安信信托股份有限公司
600817.SH,西安宏盛科技发展股份有限公司
600818.SH,中路股份有限公司
600819.SH,上海耀皮玻璃集团股份有限公司
600820.SH,上海隧道工程股份有限公司
600821.SH,天津劝业场(集团)股份有限公司
600822.SH,上海物资贸易股份有限公司
600823.SH,上海世茂股份有限公司
600824.SH,上海益民商业集团股份有限公司
600825.SH,上海新华传媒股份有限公司
600826.SH,上海兰生股份有限公司
600827.SH,上海百联集团股份有限公司
600828.SH,茂业商业股份有限公司
600829.SH,哈药集团人民同泰医药股份有限公司
600830.SH,香溢融通控股集团股份有限公司
600831.SH,陕西广电网络传媒(集团)股份有限公司
600833.SH,上海第一医药股份有限公司
600834.SH,上海申通地铁股份有限公司
600835.SH,上海机电股份有限公司
600836.SH,上海界龙实业集团股份有限公司
600837.SH,海通证券股份有限公司
600838.SH,上海九百股份有限公司
600839.SH,四川长虹电器股份有限公司
600841.SH,上海柴油机股份有限公司
600843.SH,上工申贝(集团)股份有限公司
600844.SH,丹化化工科技股份有限公司
600845.SH,上海宝信软件股份有限公司
600846.SH,上海同济科技实业股份有限公司
600847.SH,重庆万里新能源股份有限公司
600848.SH,上海临港控股股份有限公司
600850.SH,上海华东电脑股份有限公司
600851.SH,上海海欣集团股份有限公司
600853.SH,龙建路桥股份有限公司
600854.SH,江苏春兰制冷设备股份有限公司
600855.SH,北京航天长峰股份有限公司
600856.SH,长春中天能源股份有限公司
600857.SH,宁波中百股份有限公司
600858.SH,银座集团股份有限公司
600859.SH,王府井集团股份有限公司
600860.SH,北京京城机电股份有限公司
600861.SH,北京城乡商业(集团)股份有限公司
600862.SH,中航航空高科技股份有限公司
600863.SH,内蒙古蒙电华能热电股份有限公司
600864.SH,哈尔滨哈投投资股份有限公司
600865.SH,百大集团股份有限公司
600866.SH,广东肇庆星湖生物科技股份有限公司
600867.SH,通化东宝药业股份有限公司
600868.SH,广东梅雁吉祥水电股份有限公司
600869.SH,远东智慧能源股份有限公司
600870.SH,厦门华侨电子股份有限公司
600871.SH,中石化石油工程技术服务股份有限公司
600872.SH,中炬高新技术实业(集团)股份有限公司
600873.SH,梅花生物科技集团股份有限公司
600874.SH,天津创业环保集团股份有限公司
600875.SH,东方电气股份有限公司
600876.SH,洛阳玻璃股份有限公司
600877.SH,中国嘉陵工业股份有限公司(集团)
600879.SH,航天时代电子技术股份有限公司
600880.SH,成都博瑞传播股份有限公司
600881.SH,吉林亚泰(集团)股份有限公司
600882.SH,上海广泽食品科技股份有限公司
600883.SH,云南博闻科技实业股份有限公司
600884.SH,宁波杉杉股份有限公司
600885.SH,宏发科技股份有限公司
600886.SH,国投电力控股股份有限公司
600887.SH,内蒙古伊利实业集团股份有限公司
600888.SH,新疆众和股份有限公司
600889.SH,南京化纤股份有限公司
600890.SH,中房置业股份有限公司
600891.SH,哈尔滨秋林集团股份有限公司
600892.SH,大晟时代文化投资股份有限公司
600893.SH,中国航发动力股份有限公司
600894.SH,广州广日股份有限公司
600895.SH,上海张江高科技园区开发股份有限公司
600896.SH,览海医疗产业投资股份有限公司
600897.SH,元翔(厦门)国际航空港股份有限公司
600898.SH,国美通讯设备股份有限公司
600900.SH,中国长江电力股份有限公司
600901.SH,江苏金融租赁股份有限公司
600903.SH,贵州燃气集团股份有限公司
600908.SH,无锡农村商业银行股份有限公司
600909.SH,华安证券股份有限公司
600917.SH,重庆燃气集团股份有限公司
600919.SH,江苏银行股份有限公司
600926.SH,杭州银行股份有限公司
600929.SH,湖南盐业股份有限公司
600933.SH,爱柯迪股份有限公司
600936.SH,广西广播电视信息网络股份有限公司
600939.SH,重庆建工集团股份有限公司
600958.SH,东方证券股份有限公司
600959.SH,江苏省广电有线信息网络股份有限公司
600960.SH,渤海汽车系统股份有限公司
600961.SH,株洲冶炼集团股份有限公司
600962.SH,国投中鲁果汁股份有限公司
600963.SH,岳阳林纸股份有限公司
600965.SH,河北福成五丰食品股份有限公司
600966.SH,山东博汇纸业股份有限公司
600967.SH,内蒙古第一机械集团股份有限公司
600969.SH,湖南郴电国际发展股份有限公司
600970.SH,中国中材国际工程股份有限公司
600971.SH,安徽恒源煤电股份有限公司
600973.SH,宝胜科技创新股份有限公司
600975.SH,湖南新五丰股份有限公司
600976.SH,健民药业集团股份有限公司
600977.SH,中国电影股份有限公司
600978.SH,宜华生活科技股份有限公司
600979.SH,四川广安爱众股份有限公司
600980.SH,北矿科技股份有限公司
600981.SH,江苏汇鸿国际集团股份有限公司
600982.SH,宁波热电股份有限公司
600983.SH,惠而浦(中国)股份有限公司
600984.SH,陕西建设机械股份有限公司
600985.SH,淮北矿业控股股份有限公司
600986.SH,科达集团股份有限公司
600987.SH,浙江航民股份有限公司
600988.SH,赤峰吉隆黄金矿业股份有限公司
600990.SH,安徽四创电子股份有限公司
600992.SH,贵州钢绳股份有限公司
600993.SH,马应龙药业集团股份有限公司
600995.SH,云南文山电力股份有限公司
600996.SH,贵州省广播电视信息网络股份有限公司
600997.SH,开滦能源化工股份有限公司
600998.SH,九州通医药集团股份有限公司
600999.SH,招商证券股份有限公司
601000.SH,唐山港集团股份有限公司
601001.SH,大同煤业股份有限公司
601002.SH,晋亿实业股份有限公司
601003.SH,柳州钢铁股份有限公司
601005.SH,重庆钢铁股份有限公司
601006.SH,大秦铁路股份有限公司
601007.SH,金陵饭店股份有限公司
601008.SH,江苏连云港港口股份有限公司
601009.SH,南京银行股份有限公司
601010.SH,文峰大世界连锁发展股份有限公司
601011.SH,宝泰隆新材料股份有限公司
601012.SH,隆基绿能科技股份有限公司
601015.SH,陕西黑猫焦化股份有限公司
601016.SH,中节能风力发电股份有限公司
601018.SH,宁波舟山港股份有限公司
601019.SH,山东出版传媒股份有限公司
601020.SH,西藏华钰矿业股份有限公司
601021.SH,春秋航空股份有限公司
601028.SH,江苏玉龙钢管股份有限公司
601038.SH,第一拖拉机股份有限公司
601058.SH,赛轮集团股份有限公司
601066.SH,中信建投证券股份有限公司
601068.SH,中铝国际工程股份有限公司
601069.SH,西部黄金股份有限公司
601086.SH,甘肃国芳工贸(集团)股份有限公司
601088.SH,中国神华能源股份有限公司
601098.SH,中南出版传媒集团股份有限公司
601099.SH,太平洋证券股份有限公司
601100.SH,江苏恒立液压股份有限公司
601101.SH,北京昊华能源股份有限公司
601106.SH,中国第一重型机械股份公司
601107.SH,四川成渝高速公路股份有限公司
601108.SH,财通证券股份有限公司
601111.SH,中国国际航空股份有限公司
601113.SH,义乌华鼎锦纶股份有限公司
601116.SH,三江购物俱乐部股份有限公司
601117.SH,中国化学工程股份有限公司
601118.SH,海南天然橡胶产业集团股份有限公司
601126.SH,北京四方继保自动化股份有限公司
601127.SH,重庆小康工业集团股份有限公司
601128.SH,江苏常熟农村商业银行股份有限公司
601137.SH,宁波博威合金材料股份有限公司
601138.SH,富士康工业互联网股份有限公司
601139.SH,深圳市燃气集团股份有限公司
601155.SH,新城控股集团股份有限公司
601158.SH,重庆水务集团股份有限公司
601162.SH,天风证券股份有限公司
601163.SH,三角轮胎股份有限公司
601166.SH,兴业银行股份有限公司
601168.SH,西部矿业股份有限公司
601169.SH,北京银行股份有限公司
601177.SH,杭州前进齿轮箱集团股份有限公司
601179.SH,中国西电电气股份有限公司
601186.SH,中国铁建股份有限公司
601188.SH,黑龙江交通发展股份有限公司
601198.SH,东兴证券股份有限公司
601199.SH,江苏江南水务股份有限公司
601200.SH,上海环境集团股份有限公司
601208.SH,四川东材科技集团股份有限公司
601211.SH,国泰君安证券股份有限公司
601212.SH,白银有色集团股份有限公司
601216.SH,内蒙古君正能源化工集团股份有限公司
601218.SH,江苏吉鑫风能科技股份有限公司
601222.SH,江苏林洋能源股份有限公司
601225.SH,陕西煤业股份有限公司
601226.SH,华电重工股份有限公司
601228.SH,广州港股份有限公司
601229.SH,上海银行股份有限公司
601231.SH,环旭电子股份有限公司
601233.SH,桐昆集团股份有限公司
601238.SH,广州汽车集团股份有限公司
601258.SH,庞大汽贸集团股份有限公司
601288.SH,中国农业银行股份有限公司
601311.SH,骆驼集团股份有限公司
601318.SH,中国平安保险(集团)股份有限公司
601319.SH,中国人民保险集团股份有限公司
601326.SH,秦皇岛港股份有限公司
601328.SH,交通银行股份有限公司
601330.SH,绿色动力环保集团股份有限公司
601333.SH,广深铁路股份有限公司
601336.SH,新华人寿保险股份有限公司
601339.SH,百隆东方股份有限公司
601360.SH,三六零安全科技股份有限公司
601366.SH,利群商业集团股份有限公司
601368.SH,广西绿城水务股份有限公司
601369.SH,西安陕鼓动力股份有限公司
601375.SH,中原证券股份有限公司
601377.SH,兴业证券股份有限公司
601388.SH,怡球金属资源再生(中国)股份有限公司
601390.SH,中国中铁股份有限公司
601398.SH,中国工商银行股份有限公司
601500.SH,江苏通用科技股份有限公司
601515.SH,汕头东风印刷股份有限公司
601518.SH,吉林高速公路股份有限公司
601519.SH,上海大智慧股份有限公司
601555.SH,东吴证券股份有限公司
601558.SH,华锐风电科技(集团)股份有限公司
601566.SH,九牧王股份有限公司
601567.SH,宁波三星医疗电气股份有限公司
601577.SH,长沙银行股份有限公司
601579.SH,会稽山绍兴酒股份有限公司
601588.SH,北京北辰实业股份有限公司
601595.SH,上海电影股份有限公司
601599.SH,江苏鹿港文化股份有限公司
601600.SH,中国铝业股份有限公司
601601.SH,中国太平洋保险(集团)股份有限公司
601606.SH,安徽长城军工股份有限公司
601607.SH,上海医药集团股份有限公司
601608.SH,中信重工机械股份有限公司
601611.SH,中国核工业建设股份有限公司
601616.SH,上海广电电气(集团)股份有限公司
601618.SH,中国冶金科工股份有限公司
601619.SH,宁夏嘉泽新能源股份有限公司
601628.SH,中国人寿保险股份有限公司
601633.SH,长城汽车股份有限公司
601636.SH,株洲旗滨集团股份有限公司
601666.SH,平顶山天安煤业股份有限公司
601668.SH,中国建筑股份有限公司
601669.SH,中国电力建设股份有限公司
601677.SH,河南明泰铝业股份有限公司
601678.SH,滨化集团股份有限公司
601688.SH,华泰证券股份有限公司
601689.SH,宁波拓普集团股份有限公司
601699.SH,山西潞安环保能源开发股份有限公司
601700.SH,常熟风范电力设备股份有限公司
601717.SH,郑州煤矿机械集团股份有限公司
601718.SH,际华集团股份有限公司
601727.SH,上海电气集团股份有限公司
601766.SH,中国中车股份有限公司
601777.SH,力帆实业(集团)股份有限公司
601788.SH,光大证券股份有限公司
601789.SH,宁波建工股份有限公司
601798.SH,甘肃蓝科石化高新装备股份有限公司
601799.SH,常州星宇车灯股份有限公司
601800.SH,中国交通建设股份有限公司
601801.SH,安徽新华传媒股份有限公司
601808.SH,中海油田服务股份有限公司
601811.SH,新华文轩出版传媒股份有限公司
601818.SH,中国光大银行股份有限公司
601828.SH,红星美凯龙家居集团股份有限公司
601838.SH,成都银行股份有限公司
601857.SH,中国石油天然气股份有限公司
601858.SH,中国科技出版传媒股份有限公司
601866.SH,中远海运发展股份有限公司
601869.SH,长飞光纤光缆股份有限公司
601872.SH,招商局能源运输股份有限公司
601877.SH,浙江正泰电器股份有限公司
601878.SH,浙商证券股份有限公司
601880.SH,大连港股份有限公司
601881.SH,中国银河证券股份有限公司
601882.SH,宁波海天精工股份有限公司
601886.SH,江河创建集团股份有限公司
601888.SH,中国国旅股份有限公司
601890.SH,江苏亚星锚链股份有限公司
601898.SH,中国中煤能源股份有限公司
601899.SH,紫金矿业集团股份有限公司
601900.SH,南方出版传媒股份有限公司
601901.SH,方正证券股份有限公司
601908.SH,北京京运通科技股份有限公司
601918.SH,中煤新集能源股份有限公司
601919.SH,中远海运控股股份有限公司
601928.SH,江苏凤凰出版传媒股份有限公司
601929.SH,吉视传媒股份有限公司
601933.SH,永辉超市股份有限公司
601939.SH,中国建设银行股份有限公司
601949.SH,中国出版传媒股份有限公司
601952.SH,江苏省农垦农业发展股份有限公司
601958.SH,金堆城钼业股份有限公司
601965.SH,中国汽车工程研究院股份有限公司
601966.SH,山东玲珑轮胎股份有限公司
601968.SH,上海宝钢包装股份有限公司
601969.SH,海南矿业股份有限公司
601985.SH,中国核能电力股份有限公司
601988.SH,中国银行股份有限公司
601989.SH,中国船舶重工股份有限公司
601990.SH,南京证券股份有限公司
601991.SH,大唐国际发电股份有限公司
601992.SH,北京金隅集团股份有限公司
601996.SH,广西丰林木业集团股份有限公司
601997.SH,贵阳银行股份有限公司
601998.SH,中信银行股份有限公司
601999.SH,北方联合出版传媒(集团)股份有限公司
603000.SH,人民网股份有限公司
603001.SH,浙江奥康鞋业股份有限公司
603002.SH,宏昌电子材料股份有限公司
603003.SH,上海龙宇燃油股份有限公司
603005.SH,苏州晶方半导体科技股份有限公司
603006.SH,上海联明机械股份有限公司
603007.SH,花王生态工程股份有限公司
603008.SH,喜临门家具股份有限公司
603009.SH,上海北特科技股份有限公司
603010.SH,浙江万盛股份有限公司
603011.SH,合肥合锻智能制造股份有限公司
603012.SH,上海创力集团股份有限公司
603013.SH,亚普汽车部件股份有限公司
603015.SH,宁波弘讯科技股份有限公司
603016.SH,无锡新宏泰电器科技股份有限公司
603017.SH,中衡设计集团股份有限公司
603018.SH,中设设计集团股份有限公司
603019.SH,曙光信息产业股份有限公司
603020.SH,爱普香料集团股份有限公司
603021.SH,山东华鹏玻璃股份有限公司
603022.SH,上海新通联包装股份有限公司
603023.SH,哈尔滨威帝电子股份有限公司
603025.SH,北京大豪科技股份有限公司
603026.SH,山东石大胜华化工集团股份有限公司
603027.SH,千禾味业食品股份有限公司
603028.SH,江苏赛福天钢索股份有限公司
603029.SH,山东天鹅棉业机械股份有限公司
603030.SH,上海全筑建筑装饰集团股份有限公司
603031.SH,安徽安德利百货股份有限公司
603032.SH,德力西新疆交通运输集团股份有限公司
603033.SH,浙江三维橡胶制品股份有限公司
603035.SH,常熟市汽车饰件股份有限公司
603036.SH,江苏如通石油机械股份有限公司
603037.SH,上海凯众材料科技股份有限公司
603038.SH,东莞市华立实业股份有限公司
603039.SH,上海泛微网络科技股份有限公司
603040.SH,杭州新坐标科技股份有限公司
603041.SH,江苏美思德化学股份有限公司
603042.SH,南京华脉科技股份有限公司
603043.SH,广州酒家集团股份有限公司
603045.SH,福达合金材料股份有限公司
603050.SH,石家庄科林电气股份有限公司
603055.SH,浙江台华新材料股份有限公司
603056.SH,德邦物流股份有限公司
603058.SH,贵州永吉印务股份有限公司
603059.SH,倍加洁集团股份有限公司
603060.SH,中国建材检验认证集团股份有限公司
603063.SH,深圳市禾望电气股份有限公司
603066.SH,南京音飞储存设备(集团)股份有限公司
603067.SH,湖北振华化学股份有限公司
603069.SH,海南海汽运输集团股份有限公司
603076.SH,宁波乐惠国际工程装备股份有限公司
603077.SH,四川和邦生物科技股份有限公司
603078.SH,江阴江化微电子材料股份有限公司
603079.SH,浙江圣达生物药业股份有限公司
603080.SH,新疆火炬燃气股份有限公司
603081.SH,浙江大丰实业股份有限公司
603083.SH,上海剑桥科技股份有限公司
603085.SH,浙江天成自控股份有限公司
603086.SH,山东先达农化股份有限公司
603088.SH,宁波精达成形装备股份有限公司
603089.SH,浙江正裕工业股份有限公司
603090.SH,无锡宏盛换热器制造股份有限公司
603096.SH,新经典文化股份有限公司
603098.SH,森特士兴集团股份有限公司
603099.SH,长白山旅游股份有限公司
603100.SH,重庆川仪自动化股份有限公司
603101.SH,新疆汇嘉时代百货股份有限公司
603103.SH,横店影视股份有限公司
603105.SH,浙江芯能光伏科技股份有限公司
603106.SH,恒银金融科技股份有限公司
603108.SH,上海润达医疗科技股份有限公司
603110.SH,新东方新材料股份有限公司
603111.SH,南京康尼机电股份有限公司
603113.SH,金能科技股份有限公司
603116.SH,浙江红蜻蜓鞋业股份有限公司
603117.SH,江苏万林现代物流股份有限公司
603118.SH,深圳市共进电子股份有限公司
603123.SH,北京翠微大厦股份有限公司
603126.SH,中材节能股份有限公司
603127.SH,北京昭衍新药研究中心股份有限公司
603128.SH,港中旅华贸国际物流股份有限公司
603129.SH,浙江春风动力股份有限公司
603131.SH,上海沪工焊接集团股份有限公司
603133.SH,碳元科技股份有限公司
603136.SH,江苏天目湖旅游股份有限公司
603138.SH,北京海量数据技术股份有限公司
603139.SH,陕西康惠制药股份有限公司
603156.SH,河北养元智汇饮品股份有限公司
603157.SH,上海拉夏贝尔服饰股份有限公司
603158.SH,常州腾龙汽车零部件股份有限公司
603159.SH,上海亚虹模具股份有限公司
603160.SH,深圳市汇顶科技股份有限公司
603161.SH,科华控股股份有限公司
603165.SH,浙江荣晟环保纸业股份有限公司
603166.SH,桂林福达股份有限公司
603167.SH,渤海轮渡集团股份有限公司
603168.SH,浙江莎普爱思药业股份有限公司
603169.SH,兰州兰石重型装备股份有限公司
603177.SH,浙江德创环保科技股份有限公司
603178.SH,宁波圣龙汽车动力系统股份有限公司
603179.SH,江苏新泉汽车饰件股份有限公司
603180.SH,厦门金牌厨柜股份有限公司
603181.SH,浙江皇马科技股份有限公司
603183.SH,苏州市建筑科学研究院集团股份有限公司
603186.SH,浙江华正新材料股份有限公司
603187.SH,青岛海容商用冷链股份有限公司
603188.SH,江苏亚邦染料股份有限公司
603189.SH,上海网达软件股份有限公司
603192.SH,上海汇得科技股份有限公司
603196.SH,日播时尚集团股份有限公司
603197.SH,上海保隆汽车科技股份有限公司
603198.SH,安徽迎驾贡酒股份有限公司
603199.SH,安徽九华山旅游发展股份有限公司
603200.SH,上海洗霸科技股份有限公司
603203.SH,快克智能装备股份有限公司
603208.SH,江山欧派门业股份有限公司
603214.SH,上海爱婴室商务服务股份有限公司
603218.SH,日月重工股份有限公司
603220.SH,武汉贝斯特通信集团股份有限公司
603222.SH,济民健康管理股份有限公司
603223.SH,恒通物流股份有限公司
603225.SH,新凤鸣集团股份有限公司
603226.SH,上海菲林格尔木业股份有限公司
603227.SH,新疆雪峰科技(集团)股份有限公司
603228.SH,深圳市景旺电子股份有限公司
603229.SH,浙江奥翔药业股份有限公司
603232.SH,格尔软件股份有限公司
603233.SH,大参林医药集团股份有限公司
603238.SH,杭州诺邦无纺股份有限公司
603239.SH,浙江仙通橡塑股份有限公司
603258.SH,杭州电魂网络科技股份有限公司
603259.SH,无锡药明康德新药开发股份有限公司
603260.SH,合盛硅业股份有限公司
603266.SH,宁波天龙电子股份有限公司
603268.SH,广东松发陶瓷股份有限公司
603269.SH,江苏海鸥冷却塔股份有限公司
603277.SH,银都餐饮设备股份有限公司
603278.SH,山东大业股份有限公司
603283.SH,苏州赛腾精密电子股份有限公司
603286.SH,江苏日盈电子股份有限公司
603288.SH,佛山市海天调味食品股份有限公司
603289.SH,泰瑞机器股份有限公司
603297.SH,宁波永新光学股份有限公司
603298.SH,杭叉集团股份有限公司
603299.SH,江苏井神盐化股份有限公司
603300.SH,浙江华铁建筑安全科技股份有限公司
603301.SH,振德医疗用品股份有限公司
603303.SH,横店集团得邦照明股份有限公司
603305.SH,宁波旭升汽车技术股份有限公司
603306.SH,华懋(厦门)新材料科技股份有限公司
603308.SH,安徽应流机电股份有限公司
603309.SH,广州维力医疗器械股份有限公司
603311.SH,浙江金海环境技术股份有限公司
603313.SH,梦百合家居科技股份有限公司
603315.SH,辽宁福鞍重工股份有限公司
603316.SH,诚邦生态环境股份有限公司
603318.SH,大连派思燃气系统股份有限公司
603319.SH,湖南机油泵股份有限公司
603320.SH,浙江迪贝电气股份有限公司
603321.SH,浙江梅轮电梯股份有限公司
603322.SH,广东超讯通信技术股份有限公司
603323.SH,江苏吴江农村商业银行股份有限公司
603326.SH,南京我乐家居股份有限公司
603328.SH,广东依顿电子科技股份有限公司
603329.SH,上海雅仕投资发展股份有限公司
603330.SH,上海天洋热熔粘接材料股份有限公司
603331.SH,浙江百达精工股份有限公司
603333.SH,尚纬股份有限公司
603335.SH,广东迪生力汽配股份有限公司
603336.SH,宏辉果蔬股份有限公司
603337.SH,杰克缝纫机股份有限公司
603338.SH,浙江鼎力机械股份有限公司
603339.SH,四方科技集团股份有限公司
603345.SH,福建安井食品股份有限公司
603348.SH,广东文灿压铸股份有限公司
603355.SH,莱克电气股份有限公司
603356.SH,宣城市华菱精工科技股份有限公司
603357.SH,安徽省交通规划设计研究总院股份有限公司
603358.SH,华达汽车科技股份有限公司
603359.SH,东珠生态环保股份有限公司
603360.SH,大连百傲化学股份有限公司
603363.SH,福建傲农生物科技集团股份有限公司
603365.SH,上海水星家用纺织品股份有限公司
603366.SH,日出东方太阳能股份有限公司
603367.SH,辰欣药业股份有限公司
603368.SH,广西柳州医药股份有限公司
603369.SH,江苏今世缘酒业股份有限公司
603377.SH,东方时尚驾驶学校股份有限公司
603378.SH,亚士创能科技(上海)股份有限公司
603380.SH,苏州易德龙科技股份有限公司
603383.SH,福建顶点软件股份有限公司
603385.SH,惠达卫浴股份有限公司
603386.SH,广东骏亚电子科技股份有限公司
603387.SH,基蛋生物科技股份有限公司
603388.SH,元成环境股份有限公司
603389.SH,亚振家居股份有限公司
603393.SH,新疆鑫泰天然气股份有限公司
603396.SH,营口金辰机械股份有限公司
603398.SH,广东邦宝益智玩具股份有限公司
603399.SH,锦州吉翔钼业股份有限公司
603416.SH,无锡信捷电气股份有限公司
603421.SH,青岛鼎信通讯股份有限公司
603429.SH,安徽集友新材料股份有限公司
603444.SH,厦门吉比特网络技术股份有限公司
603456.SH,浙江九洲药业股份有限公司
603458.SH,贵州省交通规划勘察设计研究院股份有限公司
603466.SH,上海风语筑展示股份有限公司
603477.SH,四川振静股份有限公司
603486.SH,科沃斯机器人股份有限公司
603488.SH,展鹏科技股份有限公司
603496.SH,恒为科技(上海)股份有限公司
603499.SH,上海翔港包装科技股份有限公司
603500.SH,浙江天台祥和实业股份有限公司
603501.SH,上海韦尔半导体股份有限公司
603505.SH,金石资源集团股份有限公司
603506.SH,南都物业服务股份有限公司
603507.SH,江苏振江新能源装备股份有限公司
603508.SH,河南思维自动化设备股份有限公司
603515.SH,欧普照明股份有限公司
603516.SH,北京淳中科技股份有限公司
603517.SH,绝味食品股份有限公司
603518.SH,维格娜丝时装股份有限公司
603519.SH,江苏立霸实业股份有限公司
603520.SH,浙江司太立制药股份有限公司
603527.SH,安徽众源新材料股份有限公司
603528.SH,多伦科技股份有限公司
603533.SH,掌阅科技股份有限公司
603535.SH,广州市嘉诚国际物流股份有限公司
603536.SH,山东惠发食品股份有限公司
603538.SH,宁波美诺华药业股份有限公司
603555.SH,贵人鸟股份有限公司
603556.SH,杭州海兴电力科技股份有限公司
603557.SH,起步股份有限公司
603558.SH,浙江健盛集团股份有限公司
603559.SH,中通国脉通信股份有限公司
603566.SH,普莱柯生物工程股份有限公司
603567.SH,黑龙江珍宝岛药业股份有限公司
603568.SH,浙江伟明环保股份有限公司
603569.SH,北京长久物流股份有限公司
603577.SH,青岛汇金通电力设备股份有限公司
603578.SH,浙江三星新材股份有限公司
603579.SH,上海荣泰健康科技股份有限公司
603580.SH,艾艾精密工业输送系统(上海)股份有限公司
603583.SH,浙江捷昌线性驱动科技股份有限公司
603585.SH,江苏苏利精细化工股份有限公司
603586.SH,山东金麒麟股份有限公司
603587.SH,地素时尚股份有限公司
603588.SH,北京高能时代环境技术股份有限公司
603589.SH,安徽口子酒业股份有限公司
603590.SH,北京康辰药业股份有限公司
603595.SH,浙江东尼电子股份有限公司
603596.SH,芜湖伯特利汽车安全系统股份有限公司
603598.SH,引力传媒股份有限公司
603599.SH,安徽广信农化股份有限公司
603600.SH,永艺家具股份有限公司
603601.SH,重庆再升科技股份有限公司
603602.SH,杭州纵横通信股份有限公司
603603.SH,博天环境集团股份有限公司
603605.SH,珀莱雅化妆品股份有限公司
603606.SH,宁波东方电缆股份有限公司
603607.SH,浙江京华激光科技股份有限公司
603608.SH,天创时尚股份有限公司
603609.SH,辽宁禾丰牧业股份有限公司
603611.SH,诺力智能装备股份有限公司
603612.SH,索通发展股份有限公司
603615.SH,茶花现代家居用品股份有限公司
603616.SH,北京韩建河山管业股份有限公司
603617.SH,君禾泵业股份有限公司
603618.SH,杭州电缆股份有限公司
603619.SH,中曼石油天然气集团股份有限公司
603626.SH,昆山科森科技股份有限公司
603628.SH,清源科技(厦门)股份有限公司
603630.SH,拉芳家化股份有限公司
603633.SH,上海徕木电子股份有限公司
603636.SH,南威软件股份有限公司
603637.SH,镇海石化工程股份有限公司
603638.SH,烟台艾迪精密机械股份有限公司
603639.SH,海利尔药业集团股份有限公司
603648.SH,上海畅联国际物流股份有限公司
603650.SH,彤程新材料集团股份有限公司
603655.SH,常州朗博密封科技股份有限公司
603656.SH,合肥泰禾光电科技股份有限公司
603657.SH,金华春光橡塑科技股份有限公司
603658.SH,郑州安图生物工程股份有限公司
603659.SH,上海璞泰来新能源科技股份有限公司
603660.SH,苏州科达科技股份有限公司
603661.SH,浙江恒林椅业股份有限公司
603663.SH,三祥新材股份有限公司
603665.SH,浙江康隆达特种防护科技股份有限公司
603666.SH,亿嘉和科技股份有限公司
603667.SH,浙江五洲新春集团股份有限公司
603668.SH,福建天马科技集团股份有限公司
603669.SH,灵康药业集团股份有限公司
603676.SH,西藏卫信康医药股份有限公司
603677.SH,奇精机械股份有限公司
603678.SH,福建火炬电子科技股份有限公司
603679.SH,四川华体照明科技股份有限公司
603680.SH,今创集团股份有限公司
603683.SH,上海晶华胶粘新材料股份有限公司
603685.SH,浙江晨丰科技股份有限公司
603686.SH,福建龙马环卫装备股份有限公司
603688.SH,江苏太平洋石英股份有限公司
603689.SH,安徽省天然气开发股份有限公司
603690.SH,上海至纯洁净系统科技股份有限公司
603693.SH,江苏省新能源开发股份有限公司
603696.SH,安记食品股份有限公司
603698.SH,航天长征化学工程股份有限公司
603699.SH,苏州纽威阀门股份有限公司
603701.SH,浙江德宏汽车电子电器股份有限公司
603703.SH,浙江盛洋科技股份有限公司
603706.SH,新疆东方环宇燃气股份有限公司
603707.SH,南京健友生化制药股份有限公司
603708.SH,家家悦集团股份有限公司
603709.SH,中源家居股份有限公司
603711.SH,香飘飘食品股份有限公司
603712.SH,天津七一二通信广播股份有限公司
603713.SH,密尔克卫化工供应链服务股份有限公司
603716.SH,塞力斯医疗科技股份有限公司
603717.SH,天域生态环境股份有限公司
603718.SH,上海海利生物技术股份有限公司
603721.SH,中广天择传媒股份有限公司
603722.SH,无锡阿科力科技股份有限公司
603725.SH,广东天安新材料股份有限公司
603726.SH,浙江朗迪集团股份有限公司
603727.SH,博迈科海洋工程股份有限公司
603728.SH,上海鸣志电器股份有限公司
603729.SH,上海龙韵广告传播股份有限公司
603730.SH,上海岱美汽车内饰件股份有限公司
603733.SH,仙鹤股份有限公司
603737.SH,三棵树涂料股份有限公司
603738.SH,湖北泰晶电子科技股份有限公司
603757.SH,浙江大元泵业股份有限公司
603758.SH,重庆秦安机电股份有限公司
603766.SH,隆鑫通用动力股份有限公司
603767.SH,浙江中马传动股份有限公司
603768.SH,合肥常青机械股份有限公司
603773.SH,江西沃格光电股份有限公司
603776.SH,永安行科技股份有限公司
603777.SH,上海来伊份股份有限公司
603778.SH,北京乾景园林股份有限公司
603779.SH,威龙葡萄酒股份有限公司
603787.SH,江苏新日电动车股份有限公司
603788.SH,宁波高发汽车控制系统股份有限公司
603789.SH,星光农机股份有限公司
603790.SH,上海雅运纺织化工股份有限公司
603797.SH,广东联泰环保股份有限公司
603798.SH,青岛康普顿科技股份有限公司
603799.SH,浙江华友钴业股份有限公司
603800.SH,苏州道森钻采设备股份有限公司
603801.SH,志邦家居股份有限公司
603803.SH,瑞斯康达科技发展股份有限公司
603806.SH,杭州福斯特应用材料股份有限公司
603808.SH,深圳歌力思服饰股份有限公司
603809.SH,成都豪能科技股份有限公司
603810.SH,江苏丰山集团股份有限公司
603811.SH,浙江诚意药业股份有限公司
603813.SH,广东原尚物流股份有限公司
603816.SH,顾家家居股份有限公司
603817.SH,福建海峡环保集团股份有限公司
603818.SH,曲美家居集团股份有限公司
603819.SH,常州神力电机股份有限公司
603822.SH,浙江嘉澳环保科技股份有限公司
603823.SH,百合花集团股份有限公司
603825.SH,华扬联众数字技术股份有限公司
603826.SH,福建坤彩材料科技股份有限公司
603828.SH,苏州柯利达装饰股份有限公司
603829.SH,江苏洛凯机电股份有限公司
603833.SH,欧派家居集团股份有限公司
603838.SH,广东四通集团股份有限公司
603839.SH,安正时尚集团股份有限公司
603843.SH,正平路桥建设股份有限公司
603848.SH,广东好太太科技集团股份有限公司
603855.SH,华荣科技股份有限公司
603856.SH,山东东宏管业股份有限公司
603858.SH,山东步长制药股份有限公司
603859.SH,能科科技股份有限公司
603860.SH,中公高科养护科技股份有限公司
603861.SH,广州白云电器设备股份有限公司
603866.SH,桃李面包股份有限公司
603868.SH,上海飞科电器股份有限公司
603869.SH,新智认知数字科技股份有限公司
603871.SH,嘉友国际物流股份有限公司
603876.SH,江苏鼎胜新能源材料股份有限公司
603877.SH,宁波太平鸟时尚服饰股份有限公司
603878.SH,江苏武进不锈股份有限公司
603879.SH,永悦科技股份有限公司
603880.SH,江苏南方卫材医药股份有限公司
603881.SH,上海数据港股份有限公司
603882.SH,广州金域医学检验集团股份有限公司
603883.SH,老百姓大药房连锁股份有限公司
603885.SH,上海吉祥航空股份有限公司
603886.SH,上海元祖梦果子股份有限公司
603887.SH,上海城地建设股份有限公司
603888.SH,新华网股份有限公司
603889.SH,浙江新澳纺织股份有限公司
603890.SH,苏州春秋电子科技股份有限公司
603895.SH,上海天永智能装备股份有限公司
603896.SH,浙江寿仙谷医药股份有限公司
603897.SH,浙江长城电工科技股份有限公司
603898.SH,广州好莱客创意家居股份有限公司
603899.SH,上海晨光文具股份有限公司
603900.SH,莱绅通灵珠宝股份有限公司
603901.SH,杭州永创智能设备股份有限公司
603903.SH,中持水务股份有限公司
603906.SH,江苏龙蟠科技股份有限公司
603908.SH,牧高笛户外用品股份有限公司
603909.SH,合诚工程咨询集团股份有限公司
603912.SH,南京佳力图机房环境技术股份有限公司
603916.SH,江苏苏博特新材料股份有限公司
603917.SH,宁波合力模具科技股份有限公司
603918.SH,上海金桥信息股份有限公司
603919.SH,金徽酒股份有限公司
603920.SH,广东世运电路科技股份有限公司
603922.SH,苏州金鸿顺汽车部件股份有限公司
603926.SH,浙江铁流离合器股份有限公司
603928.SH,苏州兴业材料科技股份有限公司
603929.SH,亚翔系统集成科技(苏州)股份有限公司
603933.SH,福建睿能科技股份有限公司
603936.SH,博敏电子股份有限公司
603937.SH,江苏丽岛新材料股份有限公司
603938.SH,唐山三孚硅业股份有限公司
603939.SH,益丰大药房连锁股份有限公司
603955.SH,大千生态环境集团股份有限公司
603958.SH,哈森商贸(中国)股份有限公司
603959.SH,湖南百利工程科技股份有限公司
603960.SH,上海克来机电自动化工程股份有限公司
603963.SH,大理药业股份有限公司
603966.SH,法兰泰克重工股份有限公司
603968.SH,南通醋酸化工股份有限公司
603969.SH,天津银龙预应力材料股份有限公司
603970.SH,中农立华生物科技股份有限公司
603976.SH,重庆正川医药包装材料股份有限公司
603977.SH,江西国泰民爆集团股份有限公司
603978.SH,深圳市新星轻合金材料股份有限公司
603979.SH,金诚信矿业管理股份有限公司
603980.SH,浙江吉华集团股份有限公司
603985.SH,江阴市恒润重工股份有限公司
603986.SH,北京兆易创新科技股份有限公司
603987.SH,上海康德莱企业发展集团股份有限公司
603988.SH,中电电机股份有限公司
603989.SH,湖南艾华集团股份有限公司
603990.SH,苏州麦迪斯顿医疗科技股份有限公司
603991.SH,上海至正道化高分子材料股份有限公司
603993.SH,洛阳栾川钼业集团股份有限公司
603996.SH,中新科技集团股份有限公司
603997.SH,宁波继峰汽车零部件股份有限公司
603998.SH,湖南方盛制药股份有限公司
603999.SH,读者出版传媒股份有限公司
